Titration report,,,,, ,
Method,,,,,,
Method ID,,000,,"Release state
",Released,
Name,,URIBioMin,,Modified by,SystemInternal,
Modified on,,5/29/2018 11:13:39 AM,,,,
Titration (EP) [1],,"Scope 1/1, Sample 1/6",,,,
Measured Values,,"Scope 1/1, Sample 1/6",,,,
Time,V,Meas. value,dV,Temp.,dE,EP
[s],[mL],[mV],[mL],[°C],[mV],
0,0.0000,-22.4,,25.0,,
1,0.0010,-22.9,0.0010,25.0,-0.5,
2,0.0025,-23.2,0.0015,25.0,-0.3,
3,0.0050,-23.3,0.0025,25.0,-0.1,
4,0.0090,-23.4,0.0040,25.0,-0.1,
5,0.0150,-23.2,0.0060,25.0,0.2,
6,0.0235,-22.9,0.0085,25.0,0.3,
7,0.0320,-22.2,0.0085,25.0,0.7,
8,0.0400,-21.4,0.0080,25.0,0.8,
9,0.0480,-20.4,0.0080,25.0,1.0,
10,0.0565,-19.3,0.0085,25.0,1.1,
11,0.0650,-18.2,0.0085,25.0,1.1,
12,0.0735,-16.8,0.0085,25.0,1.4,
13,0.0820,-15.5,0.0085,25.0,1.3,
14,0.0905,-14.0,0.0085,25.0,1.5,
15,0.0980,-12.7,0.0075,25.0,1.3,
16,0.1065,-11.1,0.0085,25.0,1.6,
17,0.1150,-9.6,0.0085,25.0,1.5,
18,0.1235,-8.2,0.0085,25.0,1.4,
19,0.1320,-7.0,0.0085,25.0,1.2,
20,0.1405,-4.9,0.0085,25.0,2.1,
21,0.1480,-3.2,0.0075,25.0,1.7,
22,0.1565,-1.7,0.0085,25.0,1.5,
23,0.1650,-0.3,0.0085,25.0,1.4,
24,0.1735,-0.7,0.0085,25.0,-0.4,
25,0.1820,0.2,0.0085,25.0,0.9,
26,0.1905,2.6,0.0085,25.0,2.4,
27,0.1985,2.6,0.0080,25.0,0.0,
28,0.2065,3.5,0.0080,25.0,0.9,
29,0.2150,4.3,0.0085,25.0,0.8,
30,0.2235,4.9,0.0085,25.0,0.6,
31,0.2320,5.5,0.0085,25.0,0.6,
32,0.2405,6.1,0.0085,25.0,0.6,
33,0.2490,6.9,0.0085,25.0,0.8,
34,0.2565,7.7,0.0075,25.0,0.8,
35,0.2650,8.7,0.0085,25.0,1.0,
36,0.2735,9.5,0.0085,25.0,0.8,
37,0.2820,10.5,0.0085,25.0,1.0,
38,0.2905,11.3,0.0085,25.0,0.8,
39,0.2990,12.0,0.0085,25.0,0.7,
40,0.3065,12.5,0.0075,25.0,0.5,
41,0.3150,13.3,0.0085,25.0,0.8,
42,0.3235,14.0,0.0085,25.0,0.7,
43,0.3320,14.7,0.0085,25.0,0.7,
44,0.3405,15.3,0.0085,25.0,0.6,
45,0.3490,16.0,0.0085,25.0,0.7,
46,0.3570,16.5,0.0080,25.0,0.5,
47,0.3650,17.2,0.0080,25.0,0.7,
48,0.3735,17.8,0.0085,25.0,0.6,
49,0.3820,18.5,0.0085,25.0,0.7,
50,0.3905,19.0,0.0085,25.0,0.5,
51,0.3990,19.7,0.0085,25.0,0.7,
52,0.4075,20.2,0.0085,25.0,0.5,
53,0.4155,20.8,0.0080,25.0,0.6,
54,0.4235,21.4,0.0080,25.0,0.6,
55,0.4320,22.0,0.0085,25.0,0.6,
56,0.4405,22.6,0.0085,25.0,0.6,
57,0.4490,23.2,0.0085,25.0,0.6,
58,0.4575,23.8,0.0085,25.0,0.6,
59,0.4655,24.3,0.0080,25.0,0.5,
60,0.4735,24.9,0.0080,25.0,0.6,
61,0.4820,25.5,0.0085,25.0,0.6,
62,0.4905,26.1,0.0085,25.0,0.6,
63,0.4990,26.7,0.0085,25.0,0.6,
64,0.5075,27.3,0.0085,25.0,0.6,
65,0.5155,27.9,0.0080,25.0,0.6,
66,0.5235,28.5,0.0080,25.0,0.6,
67,0.5320,29.1,0.0085,25.0,0.6,
68,0.5405,29.7,0.0085,25.0,0.6,
69,0.5490,30.3,0.0085,24.9,0.6,
70,0.5575,30.9,0.0085,24.9,0.6,
71,0.5660,31.4,0.0085,25.0,0.5,
72,0.5740,31.9,0.0080,25.0,0.5,
73,0.5820,32.5,0.0080,25.0,0.6,
74,0.5905,33.0,0.0085,25.0,0.5,
75,0.5990,33.6,0.0085,25.0,0.6,
76,0.6075,34.2,0.0085,25.0,0.6,
77,0.6160,34.8,0.0085,25.0,0.6,
78,0.6235,35.5,0.0075,25.0,0.7,
79,0.6320,36.0,0.0085,24.9,0.5,
80,0.6405,36.7,0.0085,24.9,0.7,
81,0.6490,37.3,0.0085,24.9,0.6,
82,0.6575,37.9,0.0085,25.0,0.6,
83,0.6660,38.5,0.0085,24.9,0.6,
84,0.6745,39.1,0.0085,24.9,0.6,
85,0.6820,39.6,0.0075,24.9,0.5,
86,0.6905,40.2,0.0085,24.9,0.6,
87,0.6990,40.7,0.0085,24.9,0.5,
88,0.7075,41.3,0.0085,24.9,0.6,
89,0.7160,42.0,0.0085,24.9,0.7,
90,0.7245,42.6,0.0085,24.9,0.6,
91,0.7320,43.2,0.0075,24.9,0.6,
92,0.7405,43.9,0.0085,24.9,0.7,
93,0.7490,44.6,0.0085,24.9,0.7,
94,0.7575,45.2,0.0085,24.9,0.6,
95,0.7660,45.8,0.0085,24.9,0.6,
96,0.7745,46.6,0.0085,24.9,0.8,
97,0.7820,47.1,0.0075,24.9,0.5,
98,0.7905,47.8,0.0085,24.9,0.7,
99,0.7990,48.4,0.0085,24.9,0.6,
100,0.8075,49.2,0.0085,24.9,0.8,
101,0.8160,49.8,0.0085,24.9,0.6,
102,0.8245,50.5,0.0085,24.9,0.7,
103,0.8330,51.2,0.0085,24.9,0.7,
104,0.8405,51.9,0.0075,24.9,0.7,
105,0.8490,52.4,0.0085,24.9,0.5,
106,0.8575,53.1,0.0085,24.9,0.7,
107,0.8660,53.9,0.0085,24.9,0.8,
108,0.8745,54.7,0.0085,24.9,0.8,
109,0.8830,55.4,0.0085,24.9,0.7,
110,0.8910,56.0,0.0080,24.9,0.6,
111,0.8990,56.9,0.0080,24.9,0.9,
112,0.9075,57.6,0.0085,24.9,0.7,
113,0.9160,58.5,0.0085,24.9,0.9,
114,0.9245,59.3,0.0085,24.9,0.8,
115,0.9330,60.1,0.0085,24.9,0.8,
116,0.9410,60.8,0.0080,24.9,0.7,
117,0.9495,61.6,0.0085,24.9,0.8,
118,0.9575,62.4,0.0080,24.9,0.8,
119,0.9660,63.3,0.0085,24.9,0.9,
120,0.9745,64.1,0.0085,24.9,0.8,
121,0.9830,65.0,0.0085,24.9,0.9,
122,0.9910,65.7,0.0080,24.9,0.7,
123,0.9990,66.7,0.0080,24.9,1.0,
124,1.0080,67.6,0.0090,24.9,0.9,
125,1.0160,68.6,0.0080,24.9,1.0,
126,1.0245,69.6,0.0085,24.9,1.0,
127,1.0330,70.7,0.0085,24.9,1.1,
128,1.0415,71.5,0.0085,24.9,0.8,
129,1.0495,72.5,0.0080,24.9,1.0,
130,1.0575,73.6,0.0080,24.9,1.1,
131,1.0660,74.7,0.0085,24.9,1.1,
132,1.0745,75.9,0.0085,24.9,1.2,
133,1.0830,77.1,0.0085,24.9,1.2,
134,1.0915,78.2,0.0085,24.9,1.1,
135,1.0995,79.6,0.0080,24.9,1.4,
136,1.1075,80.9,0.0080,24.9,1.3,
137,1.1160,82.2,0.0085,24.9,1.3,
138,1.1245,83.6,0.0085,24.9,1.4,
139,1.1330,85.0,0.0085,24.9,1.4,
140,1.1415,86.5,0.0085,24.9,1.5,
141,1.1500,88.1,0.0085,24.9,1.6,
142,1.1575,89.4,0.0075,24.9,1.3,
143,1.1660,91.0,0.0085,24.9,1.6,
144,1.1745,92.7,0.0085,24.9,1.7,
145,1.1830,94.5,0.0085,24.9,1.8,
146,1.1915,96.5,0.0085,24.9,2.0,
147,1.2000,98.6,0.0085,24.9,2.1,
148,1.2075,100.5,0.0075,24.9,1.9,
149,1.2160,102.9,0.0085,24.9,2.4,
150,1.2245,105.0,0.0085,24.9,2.1,
151,1.2330,107.5,0.0085,24.9,2.5,
152,1.2415,110.6,0.0085,24.9,3.1,
153,1.2500,113.2,0.0085,24.9,2.6,
154,1.2585,116.2,0.0085,24.9,3.0,
155,1.2660,119.4,0.0075,24.9,3.2,
156,1.2745,122.9,0.0085,24.9,3.5,
157,1.2830,126.8,0.0085,24.9,3.9,
158,1.2915,130.3,0.0085,24.9,3.5,
159,1.3000,134.0,0.0085,24.9,3.7,
160,1.3085,137.9,0.0085,24.9,3.9,
161,1.3160,140.8,0.0075,24.9,2.9,
162,1.3245,144.4,0.0085,24.9,3.6,
163,1.3330,148.0,0.0085,24.9,3.6,
164,1.3415,150.9,0.0085,24.9,2.9,
165,1.3500,153.9,0.0085,24.9,3.0,
166,1.3585,157.0,0.0085,24.9,3.1,
167,1.3660,159.2,0.0075,24.9,2.2,
168,1.3745,162.0,0.0085,24.9,2.8,
169,1.3830,164.5,0.0085,24.9,2.5,
170,1.3915,166.8,0.0085,24.9,2.3,
171,1.4000,169.1,0.0085,24.9,2.3,
172,1.4085,171.1,0.0085,24.9,2.0,
173,1.4160,172.7,0.0075,24.9,1.6,
174,1.4245,174.7,0.0085,24.9,2.0,
175,1.4330,176.3,0.0085,24.9,1.6,
176,1.4415,177.9,0.0085,24.9,1.6,
177,1.4500,179.5,0.0085,24.9,1.6,
178,1.4585,181.0,0.0085,24.9,1.5,
179,1.4665,182.2,0.0080,24.9,1.2,
180,1.4750,183.6,0.0085,24.9,1.4,
181,1.4835,185.0,0.0085,24.9,1.4,
181,1.4860,185.1,0.0025,24.9,0.1,
421,1.4860,192.9,0.0000,24.7,7.8,
422,1.4865,192.9,0.0005,24.7,0.0,
424,1.4885,192.9,0.0020,24.7,0.0,
424,1.4910,192.9,0.0025,24.7,0.0,
425,1.4950,192.9,0.0040,24.7,0.0,
426,1.5005,193.3,0.0055,24.7,0.4,
428,1.5090,194.0,0.0085,24.7,0.7,
428,1.5175,194.9,0.0085,24.7,0.9,
430,1.5260,195.7,0.0085,24.7,0.8,
430,1.5345,196.4,0.0085,24.7,0.7,
432,1.5430,197.3,0.0085,24.7,0.9,
432,1.5505,198.1,0.0075,24.7,0.8,
434,1.5590,198.8,0.0085,24.7,0.7,
434,1.5675,199.6,0.0085,24.7,0.8,
436,1.5760,200.3,0.0085,24.7,0.7,
436,1.5845,200.9,0.0085,24.7,0.6,
438,1.5930,201.6,0.0085,24.7,0.7,
438,1.6015,202.1,0.0085,24.7,0.5,
439,1.6090,202.8,0.0075,24.7,0.7,
440,1.6175,203.5,0.0085,24.7,0.7,
442,1.6260,204.2,0.0085,24.7,0.7,
442,1.6345,204.8,0.0085,24.7,0.6,
444,1.6430,205.3,0.0085,24.7,0.5,
444,1.6515,205.9,0.0085,24.7,0.6,
445,1.6590,206.5,0.0075,24.7,0.6,
446,1.6675,207.1,0.0085,24.7,0.6,
448,1.6760,207.6,0.0085,24.7,0.5,
448,1.6845,208.1,0.0085,24.7,0.5,
450,1.6930,208.6,0.0085,24.7,0.5,
450,1.7010,209.1,0.0080,24.7,0.5,
451,1.7095,209.5,0.0085,24.7,0.4,
452,1.7175,210.2,0.0080,24.7,0.7,
453,1.7260,210.6,0.0085,24.7,0.4,
454,1.7345,211.1,0.0085,24.7,0.5,
456,1.7430,211.6,0.0085,24.7,0.5,
456,1.7515,212.1,0.0085,24.7,0.5,
458,1.7595,212.5,0.0080,24.7,0.4,
458,1.7675,212.9,0.0080,24.7,0.4,
459,1.7760,213.4,0.0085,24.7,0.5,
460,1.7845,213.7,0.0085,24.7,0.3,
462,1.7930,214.1,0.0085,24.7,0.4,
462,1.8015,214.6,0.0085,24.7,0.5,
464,1.8095,215.0,0.0080,24.7,0.4,
464,1.8175,215.4,0.0080,24.7,0.4,
466,1.8260,215.8,0.0085,24.7,0.4,
466,1.8345,216.3,0.0085,24.7,0.5,
468,1.8430,216.7,0.0085,24.7,0.4,
469,1.8515,217.0,0.0085,24.7,0.3,
470,1.8595,217.4,0.0080,24.7,0.4,
470,1.8680,217.8,0.0085,24.7,0.4,
471,1.8760,218.1,0.0080,24.7,0.3,
473,1.8845,218.6,0.0085,24.7,0.5,
474,1.8930,218.9,0.0085,24.7,0.3,
475,1.9015,219.2,0.0085,24.7,0.3,
476,1.9095,219.5,0.0080,24.7,0.3,
476,1.9180,219.8,0.0085,24.7,0.3,
477,1.9260,220.1,0.0080,24.7,0.3,
478,1.9345,220.5,0.0085,24.7,0.4,
480,1.9430,220.8,0.0085,24.7,0.3,
480,1.9515,221.1,0.0085,24.6,0.3,
482,1.9600,221.5,0.0085,24.7,0.4,
482,1.9680,221.9,0.0080,24.7,0.4,
483,1.9760,222.2,0.0080,24.7,0.3,
484,1.9845,222.5,0.0085,24.7,0.3,
485,1.9930,222.8,0.0085,24.7,0.3,
486,2.0015,223.1,0.0085,24.6,0.3,
488,2.0100,223.5,0.0085,24.6,0.4,
488,2.0180,223.7,0.0080,24.7,0.2,
489,2.0265,223.9,0.0085,24.7,0.2,
490,2.0345,224.2,0.0080,24.7,0.3,
491,2.0430,224.5,0.0085,24.6,0.3,
492,2.0515,224.7,0.0085,24.7,0.2,
494,2.0600,225.0,0.0085,24.7,0.3,
494,2.0685,225.3,0.0085,24.7,0.3,
496,2.0765,225.6,0.0080,24.7,0.3,
496,2.0845,225.9,0.0080,24.6,0.3,
497,2.0930,226.2,0.0085,24.6,0.3,
498,2.1015,226.4,0.0085,24.6,0.2,
500,2.1100,226.7,0.0085,24.6,0.3,
500,2.1185,227.0,0.0085,24.6,0.3,
502,2.1270,227.2,0.0085,24.7,0.2,
502,2.1345,227.5,0.0075,24.7,0.3,
503,2.1430,227.7,0.0085,24.6,0.2,
504,2.1515,228.0,0.0085,24.7,0.3,
506,2.1600,228.3,0.0085,24.6,0.3,
506,2.1685,228.5,0.0085,24.7,0.2,
508,2.1770,228.7,0.0085,24.7,0.2,
508,2.1850,229.0,0.0080,24.6,0.3,
509,2.1930,229.1,0.0080,24.6,0.1,
510,2.2015,229.4,0.0085,24.6,0.3,
512,2.2100,229.6,0.0085,24.6,0.2,
512,2.2185,229.8,0.0085,24.6,0.2,
514,2.2270,230.1,0.0085,24.6,0.3,
514,2.2350,230.3,0.0080,24.6,0.2,
515,2.2430,230.5,0.0080,24.6,0.2,
516,2.2515,230.8,0.0085,24.6,0.3,
518,2.2600,231.0,0.0085,24.6,0.2,
518,2.2685,231.3,0.0085,24.6,0.3,
520,2.2770,231.5,0.0085,24.6,0.2,
520,2.2850,231.7,0.0080,24.6,0.2,
521,2.2930,231.9,0.0080,24.6,0.2,
522,2.3015,232.1,0.0085,24.6,0.2,
523,2.3100,232.3,0.0085,24.6,0.2,
524,2.3185,232.4,0.0085,24.6,0.1,
526,2.3270,232.7,0.0085,24.6,0.3,
526,2.3350,232.9,0.0080,24.6,0.2,
527,2.3435,233.0,0.0085,24.6,0.1,
528,2.3515,233.3,0.0080,24.6,0.3,
530,2.3600,233.5,0.0085,24.6,0.2,
530,2.3685,233.8,0.0085,24.6,0.3,
532,2.3765,233.9,0.0080,24.6,0.1,
533,2.3850,234.1,0.0085,24.6,0.2,
534,2.3930,234.4,0.0080,24.6,0.3,
534,2.3965,234.4,0.0035,24.6,0.0,
535,2.3995,234.5,0.0030,24.6,0.1,
537,2.4035,234.6,0.0040,24.6,0.1,
538,2.4080,234.7,0.0045,24.6,0.1,
539,2.4115,234.8,0.0035,24.6,0.1,
540,2.4115,234.8,0.0000,24.6,0.0,
540,2.4120,234.9,0.0005,24.6,0.1,
541,2.4135,234.8,0.0015,24.6,-0.1,
542,2.4155,234.9,0.0020,24.6,0.1,
,2.416250,235.0,,,,EP
543,2.4170,235.1,0.0015,24.6,0.2,
Titration (EP) [1],,"Scope 1/1, Sample 2/6",,,,
Measured Values,,"Scope 1/1, Sample 2/6",,,,
Time,V,Meas. value,dV,Temp.,dE,EP
[s],[mL],[mV],[mL],[°C],[mV],
0,0.0000,4.7,,24.8,,
1,0.0005,4.0,0.0005,24.8,-0.7,
2,0.0025,4.0,0.0020,24.8,0.0,
3,0.0050,3.7,0.0025,24.8,-0.3,
4,0.0085,3.8,0.0035,24.8,0.1,
5,0.0150,3.9,0.0065,24.8,0.1,
6,0.0235,4.2,0.0085,24.8,0.3,
7,0.0320,4.7,0.0085,24.8,0.5,
8,0.0395,5.3,0.0075,24.8,0.6,
9,0.0480,5.9,0.0085,24.8,0.6,
10,0.0565,6.8,0.0085,24.8,0.9,
11,0.0650,8.2,0.0085,24.8,1.4,
12,0.0735,9.4,0.0085,24.8,1.2,
13,0.0820,10.5,0.0085,24.8,1.1,
14,0.0905,11.3,0.0085,24.8,0.8,
15,0.0980,12.2,0.0075,24.8,0.9,
16,0.1065,12.9,0.0085,24.8,0.7,
17,0.1150,13.8,0.0085,24.8,0.9,
18,0.1235,14.5,0.0085,24.8,0.7,
19,0.1320,15.3,0.0085,24.8,0.8,
20,0.1405,16.0,0.0085,24.8,0.7,
21,0.1480,16.6,0.0075,24.8,0.6,
22,0.1565,17.3,0.0085,24.8,0.7,
23,0.1650,17.9,0.0085,24.8,0.6,
24,0.1735,18.6,0.0085,24.8,0.7,
25,0.1820,19.1,0.0085,24.8,0.5,
26,0.1905,19.6,0.0085,24.8,0.5,
27,0.1990,20.2,0.0085,24.8,0.6,
28,0.2065,20.8,0.0075,24.8,0.6,
29,0.2150,21.3,0.0085,24.8,0.5,
30,0.2235,21.9,0.0085,24.8,0.6,
31,0.2320,22.5,0.0085,24.8,0.6,
32,0.2405,23.1,0.0085,24.8,0.6,
33,0.2485,23.6,0.0080,24.8,0.5,
34,0.2565,24.1,0.0080,24.8,0.5,
35,0.2650,24.6,0.0085,24.8,0.5,
36,0.2735,25.2,0.0085,24.8,0.6,
37,0.2820,25.7,0.0085,24.8,0.5,
38,0.2900,26.2,0.0080,24.8,0.5,
39,0.2985,26.8,0.0085,24.8,0.6,
40,0.3070,27.2,0.0085,24.8,0.4,
41,0.3150,27.8,0.0080,24.8,0.6,
42,0.3235,28.3,0.0085,24.8,0.5,
43,0.3315,28.9,0.0080,24.8,0.6,
44,0.3400,29.3,0.0085,24.8,0.4,
45,0.3485,29.8,0.0085,24.8,0.5,
46,0.3570,30.4,0.0085,24.8,0.6,
47,0.3650,30.9,0.0080,24.8,0.5,
48,0.3735,31.3,0.0085,24.8,0.4,
49,0.3815,31.8,0.0080,24.8,0.5,
50,0.3900,32.3,0.0085,24.8,0.5,
51,0.3985,32.8,0.0085,24.8,0.5,
52,0.4070,33.2,0.0085,24.8,0.4,
53,0.4155,33.7,0.0085,24.8,0.5,
54,0.4235,34.2,0.0080,24.8,0.5,
55,0.4320,34.7,0.0085,24.8,0.5,
56,0.4400,35.2,0.0080,24.8,0.5,
57,0.4485,35.7,0.0085,24.8,0.5,
58,0.4570,36.2,0.0085,24.8,0.5,
59,0.4655,36.6,0.0085,24.8,0.4,
60,0.4735,37.1,0.0080,24.8,0.5,
61,0.4820,37.6,0.0085,24.8,0.5,
62,0.4905,38.1,0.0085,24.8,0.5,
63,0.4990,38.6,0.0085,24.8,0.5,
64,0.5070,39.2,0.0080,24.8,0.6,
65,0.5155,39.7,0.0085,24.8,0.5,
66,0.5235,40.2,0.0080,24.8,0.5,
67,0.5320,40.6,0.0085,24.8,0.4,
68,0.5405,41.1,0.0085,24.8,0.5,
69,0.5490,41.7,0.0085,24.8,0.6,
70,0.5575,42.2,0.0085,24.8,0.5,
71,0.5655,42.7,0.0080,24.8,0.5,
72,0.5735,43.2,0.0080,24.8,0.5,
73,0.5820,43.7,0.0085,24.8,0.5,
74,0.5905,44.2,0.0085,24.8,0.5,
75,0.5990,44.7,0.0085,24.8,0.5,
76,0.6075,45.3,0.0085,24.8,0.6,
77,0.6160,45.8,0.0085,24.8,0.5,
78,0.6240,46.1,0.0080,24.8,0.3,
79,0.6320,46.7,0.0080,24.8,0.6,
80,0.6405,47.2,0.0085,24.8,0.5,
81,0.6490,47.8,0.0085,24.8,0.6,
82,0.6575,48.5,0.0085,24.8,0.7,
83,0.6655,49.0,0.0080,24.8,0.5,
84,0.6740,49.6,0.0085,24.8,0.6,
85,0.6820,50.2,0.0080,24.8,0.6,
86,0.6905,50.7,0.0085,24.8,0.5,
87,0.6990,51.2,0.0085,24.8,0.5,
88,0.7075,51.7,0.0085,24.8,0.5,
89,0.7160,52.2,0.0085,24.8,0.5,
90,0.7240,52.8,0.0080,24.8,0.6,
91,0.7320,53.3,0.0080,24.8,0.5,
92,0.7405,53.9,0.0085,24.8,0.6,
93,0.7490,54.4,0.0085,24.8,0.5,
94,0.7575,55.0,0.0085,24.8,0.6,
95,0.7660,55.7,0.0085,24.8,0.7,
96,0.7740,56.2,0.0080,24.8,0.5,
97,0.7825,56.8,0.0085,24.8,0.6,
98,0.7905,57.4,0.0080,24.8,0.6,
99,0.7990,58.1,0.0085,24.8,0.7,
100,0.8075,58.6,0.0085,24.8,0.5,
101,0.8155,59.3,0.0080,24.8,0.7,
102,0.8240,59.9,0.0085,24.8,0.6,
103,0.8325,60.5,0.0085,24.8,0.6,
104,0.8405,61.1,0.0080,24.8,0.6,
105,0.8490,61.8,0.0085,24.8,0.7,
106,0.8575,62.4,0.0085,24.8,0.6,
107,0.8660,63.1,0.0085,24.7,0.7,
108,0.8740,63.7,0.0080,24.8,0.6,
109,0.8825,64.4,0.0085,24.8,0.7,
110,0.8910,65.1,0.0085,24.7,0.7,
111,0.8990,65.8,0.0080,24.7,0.7,
112,0.9075,66.6,0.0085,24.8,0.8,
113,0.9155,67.3,0.0080,24.8,0.7,
114,0.9240,68.0,0.0085,24.8,0.7,
115,0.9325,68.8,0.0085,24.7,0.8,
116,0.9410,69.7,0.0085,24.7,0.9,
117,0.9490,70.4,0.0080,24.7,0.7,
118,0.9575,71.1,0.0085,24.7,0.7,
119,0.9660,72.0,0.0085,24.8,0.9,
120,0.9745,72.8,0.0085,24.7,0.8,
121,0.9825,73.5,0.0080,24.8,0.7,
122,0.9910,74.4,0.0085,24.7,0.9,
123,0.9990,75.3,0.0080,24.7,0.9,
124,1.0075,76.1,0.0085,24.7,0.8,
125,1.0160,76.9,0.0085,24.7,0.8,
126,1.0245,77.8,0.0085,24.7,0.9,
127,1.0330,78.8,0.0085,24.7,1.0,
128,1.0415,79.8,0.0085,24.7,1.0,
129,1.0490,80.7,0.0075,24.7,0.9,
130,1.0575,81.9,0.0085,24.7,1.2,
131,1.0660,82.8,0.0085,24.7,0.9,
132,1.0745,84.0,0.0085,24.7,1.2,
133,1.0830,85.1,0.0085,24.7,1.1,
134,1.0915,86.1,0.0085,24.7,1.0,
135,1.0990,87.3,0.0075,24.7,1.2,
136,1.1075,88.7,0.0085,24.7,1.4,
137,1.1160,90.0,0.0085,24.7,1.3,
138,1.1245,91.4,0.0085,24.7,1.4,
139,1.1330,92.9,0.0085,24.7,1.5,
140,1.1415,94.4,0.0085,24.7,1.5,
141,1.1500,95.7,0.0085,24.7,1.3,
142,1.1575,97.2,0.0075,24.7,1.5,
143,1.1660,98.7,0.0085,24.7,1.5,
144,1.1745,100.7,0.0085,24.7,2.0,
145,1.1830,102.4,0.0085,24.7,1.7,
146,1.1915,104.5,0.0085,24.7,2.1,
147,1.1995,106.7,0.0080,24.7,2.2,
148,1.2075,108.7,0.0080,24.7,2.0,
149,1.2160,111.1,0.0085,24.7,2.4,
150,1.2245,113.6,0.0085,24.7,2.5,
151,1.2330,116.3,0.0085,24.7,2.7,
152,1.2415,119.2,0.0085,24.7,2.9,
153,1.2500,122.0,0.0085,24.7,2.8,
154,1.2580,125.2,0.0080,24.7,3.2,
155,1.2660,128.6,0.0080,24.7,3.4,
156,1.2745,132.2,0.0085,24.7,3.6,
157,1.2830,135.6,0.0085,24.7,3.4,
158,1.2915,139.3,0.0085,24.7,3.7,
159,1.2995,143.0,0.0080,24.7,3.7,
160,1.3080,146.4,0.0085,24.7,3.4,
161,1.3160,149.4,0.0080,24.7,3.0,
162,1.3245,152.8,0.0085,24.7,3.4,
163,1.3330,155.9,0.0085,24.7,3.1,
164,1.3415,158.8,0.0085,24.7,2.9,
165,1.3500,161.5,0.0085,24.7,2.7,
166,1.3580,164.1,0.0080,24.7,2.6,
167,1.3660,166.3,0.0080,24.7,2.2,
168,1.3745,168.7,0.0085,24.7,2.4,
169,1.3830,170.9,0.0085,24.7,2.2,
170,1.3915,172.9,0.0085,24.7,2.0,
171,1.3995,174.5,0.0080,24.7,1.6,
172,1.4080,176.4,0.0085,24.7,1.9,
173,1.4165,178.0,0.0085,24.7,1.6,
174,1.4245,179.7,0.0080,24.7,1.7,
175,1.4330,181.3,0.0085,24.7,1.6,
176,1.4415,182.7,0.0085,24.7,1.4,
177,1.4495,184.1,0.0080,24.7,1.4,
178,1.4575,185.1,0.0080,24.7,1.0,
418,1.4575,191.5,0.0000,24.6,6.4,
419,1.4580,191.5,0.0005,24.6,0.0,
420,1.4600,191.5,0.0020,24.6,0.0,
421,1.4620,191.5,0.0020,24.5,0.0,
422,1.4660,191.7,0.0040,24.6,0.2,
423,1.4720,192.0,0.0060,24.6,0.3,
424,1.4805,192.9,0.0085,24.5,0.9,
425,1.4890,193.8,0.0085,24.6,0.9,
426,1.4975,194.6,0.0085,24.6,0.8,
427,1.5060,195.2,0.0085,24.6,0.6,
428,1.5135,196.1,0.0075,24.6,0.9,
429,1.5220,197.0,0.0085,24.6,0.9,
430,1.5305,197.8,0.0085,24.6,0.8,
431,1.5390,198.5,0.0085,24.6,0.7,
432,1.5475,199.4,0.0085,24.6,0.9,
433,1.5560,200.2,0.0085,24.6,0.8,
434,1.5635,200.8,0.0075,24.5,0.6,
435,1.5720,201.4,0.0085,24.5,0.6,
436,1.5805,202.1,0.0085,24.5,0.7,
437,1.5890,202.9,0.0085,24.5,0.8,
438,1.5975,203.6,0.0085,24.5,0.7,
439,1.6060,204.2,0.0085,24.6,0.6,
440,1.6135,204.7,0.0075,24.5,0.5,
441,1.6220,205.3,0.0085,24.5,0.6,
442,1.6305,205.9,0.0085,24.6,0.6,
443,1.6390,206.6,0.0085,24.6,0.7,
444,1.6475,207.1,0.0085,24.6,0.5,
445,1.6560,207.6,0.0085,24.6,0.5,
446,1.6645,208.1,0.0085,24.5,0.5,
447,1.6720,208.7,0.0075,24.5,0.6,
448,1.6805,209.2,0.0085,24.5,0.5,
449,1.6890,209.8,0.0085,24.5,0.6,
450,1.6975,210.3,0.0085,24.5,0.5,
451,1.7060,210.8,0.0085,24.6,0.5,
452,1.7145,211.4,0.0085,24.5,0.6,
453,1.7220,211.7,0.0075,24.5,0.3,
454,1.7305,212.2,0.0085,24.5,0.5,
455,1.7390,212.7,0.0085,24.5,0.5,
456,1.7475,213.1,0.0085,24.5,0.4,
457,1.7560,213.5,0.0085,24.5,0.4,
458,1.7645,214.0,0.0085,24.5,0.5,
459,1.7720,214.3,0.0075,24.5,0.3,
460,1.7805,214.7,0.0085,24.5,0.4,
461,1.7890,215.3,0.0085,24.5,0.6,
462,1.7975,215.7,0.0085,24.5,0.4,
463,1.8060,216.1,0.0085,24.5,0.4,
464,1.8145,216.5,0.0085,24.5,0.4,
465,1.8230,216.9,0.0085,24.5,0.4,
466,1.8305,217.3,0.0075,24.5,0.4,
467,1.8390,217.7,0.0085,24.5,0.4,
468,1.8475,218.1,0.0085,24.5,0.4,
469,1.8560,218.4,0.0085,24.5,0.3,
470,1.8645,218.8,0.0085,24.5,0.4,
471,1.8730,219.2,0.0085,24.5,0.4,
472,1.8805,219.4,0.0075,24.5,0.2,
473,1.8890,219.8,0.0085,24.5,0.4,
474,1.8975,220.1,0.0085,24.5,0.3,
475,1.9060,220.4,0.0085,24.5,0.3,
476,1.9145,220.8,0.0085,24.5,0.4,
477,1.9230,221.2,0.0085,24.5,0.4,
478,1.9305,221.4,0.0075,24.5,0.2,
479,1.9390,221.7,0.0085,24.5,0.3,
480,1.9475,222.1,0.0085,24.5,0.4,
481,1.9560,222.4,0.0085,24.5,0.3,
482,1.9645,222.7,0.0085,24.5,0.3,
483,1.9730,223.1,0.0085,24.5,0.4,
484,1.9805,223.3,0.0075,24.5,0.2,
485,1.9890,223.7,0.0085,24.5,0.4,
486,1.9975,224.0,0.0085,24.5,0.3,
487,2.0060,224.3,0.0085,24.5,0.3,
488,2.0145,224.6,0.0085,24.5,0.3,
489,2.0230,224.8,0.0085,24.5,0.2,
490,2.0315,225.1,0.0085,24.5,0.3,
491,2.0390,225.4,0.0075,24.5,0.3,
492,2.0475,225.6,0.0085,24.5,0.2,
493,2.0560,225.9,0.0085,24.5,0.3,
494,2.0645,226.2,0.0085,24.5,0.3,
495,2.0730,226.5,0.0085,24.5,0.3,
496,2.0815,226.8,0.0085,24.5,0.3,
497,2.0890,227.0,0.0075,24.5,0.2,
498,2.0975,227.4,0.0085,24.5,0.4,
499,2.1060,227.6,0.0085,24.5,0.2,
500,2.1145,227.8,0.0085,24.5,0.2,
501,2.1230,228.0,0.0085,24.5,0.2,
502,2.1315,228.4,0.0085,24.5,0.4,
503,2.1400,228.5,0.0085,24.5,0.1,
504,2.1475,228.8,0.0075,24.5,0.3,
505,2.1560,229.1,0.0085,24.5,0.3,
506,2.1645,229.3,0.0085,24.5,0.2,
507,2.1730,229.6,0.0085,24.5,0.3,
508,2.1815,229.8,0.0085,24.5,0.2,
509,2.1900,230.1,0.0085,24.5,0.3,
510,2.1975,230.3,0.0075,24.5,0.2,
511,2.2060,230.4,0.0085,24.5,0.1,
512,2.2145,230.7,0.0085,24.5,0.3,
513,2.2230,230.9,0.0085,24.5,0.2,
514,2.2315,231.1,0.0085,24.5,0.2,
515,2.2400,231.3,0.0085,24.5,0.2,
516,2.2485,231.6,0.0085,24.5,0.3,
517,2.2560,231.8,0.0075,24.5,0.2,
518,2.2645,232.0,0.0085,24.5,0.2,
519,2.2730,232.2,0.0085,24.5,0.2,
520,2.2815,232.5,0.0085,24.5,0.3,
521,2.2900,232.7,0.0085,24.5,0.2,
522,2.2985,232.9,0.0085,24.5,0.2,
523,2.3060,233.2,0.0075,24.5,0.3,
524,2.3145,233.4,0.0085,24.5,0.2,
525,2.3230,233.5,0.0085,24.5,0.1,
526,2.3315,233.7,0.0085,24.5,0.2,
527,2.3400,233.9,0.0085,24.5,0.2,
528,2.3480,234.1,0.0080,24.5,0.2,
529,2.3550,234.2,0.0070,24.5,0.1,
530,2.3555,234.3,0.0005,24.5,0.1,
531,2.3570,234.4,0.0015,24.5,0.1,
532,2.3585,234.3,0.0015,24.5,-0.1,
533,2.3610,234.4,0.0025,24.5,0.1,
534,2.3640,234.5,0.0030,24.5,0.1,
535,2.3680,234.6,0.0040,24.5,0.1,
536,2.3710,234.7,0.0030,24.5,0.1,
537,2.3740,234.7,0.0030,24.5,0.0,
538,2.3775,234.8,0.0035,24.5,0.1,
539,2.3825,235.0,0.0050,24.5,0.2,
,2.3825,235.0,,,,EP
Titration (EP) [1],,"Scope 1/1, Sample 3/6",,,,
Measured Values,,"Scope 1/1, Sample 3/6",,,,
Time,V,Meas. value,dV,Temp.,dE,EP
[s],[mL],[mV],[mL],[°C],[mV],
0,0.0000,-34.5,,24.6,,
1,0.0005,-35.2,0.0005,24.6,-0.7,
2,0.0025,-35.3,0.0020,24.6,-0.1,
3,0.0050,-35.5,0.0025,24.6,-0.2,
4,0.0090,-35.6,0.0040,24.6,-0.1,
5,0.0150,-35.6,0.0060,24.6,0.0,
6,0.0235,-35.2,0.0085,24.6,0.4,
7,0.0320,-34.8,0.0085,24.6,0.4,
8,0.0395,-34.1,0.0075,24.6,0.7,
9,0.0480,-33.3,0.0085,24.6,0.8,
10,0.0565,-32.4,0.0085,24.6,0.9,
11,0.0650,-31.4,0.0085,24.6,1.0,
12,0.0735,-30.3,0.0085,24.6,1.1,
13,0.0820,-29.0,0.0085,24.6,1.3,
14,0.0905,-27.8,0.0085,24.6,1.2,
15,0.0980,-26.6,0.0075,24.6,1.2,
16,0.1065,-25.2,0.0085,24.6,1.4,
17,0.1150,-23.7,0.0085,24.6,1.5,
18,0.1235,-22.1,0.0085,24.6,1.6,
19,0.1320,-20.5,0.0085,24.6,1.6,
20,0.1405,-18.6,0.0085,24.6,1.9,
21,0.1480,-17.0,0.0075,24.6,1.6,
22,0.1565,-15.2,0.0085,24.6,1.8,
23,0.1650,-13.2,0.0085,24.6,2.0,
24,0.1735,-11.4,0.0085,24.6,1.8,
25,0.1820,-9.5,0.0085,24.6,1.9,
26,0.1905,-8.1,0.0085,24.6,1.4,
27,0.1990,-6.8,0.0085,24.6,1.3,
28,0.2065,-4.7,0.0075,24.6,2.1,
29,0.2150,-2.9,0.0085,24.6,1.8,
30,0.2235,-1.6,0.0085,24.6,1.3,
31,0.2320,-0.4,0.0085,24.6,1.2,
32,0.2405,-0.6,0.0085,24.6,-0.2,
33,0.2490,0.3,0.0085,24.6,0.9,
34,0.2565,2.2,0.0075,24.6,1.9,
35,0.2650,2.6,0.0085,24.6,0.4,
36,0.2735,3.5,0.0085,24.6,0.9,
37,0.2820,4.3,0.0085,24.6,0.8,
38,0.2905,5.0,0.0085,24.6,0.7,
39,0.2990,5.6,0.0085,24.6,0.6,
40,0.3065,6.1,0.0075,24.6,0.5,
41,0.3150,6.8,0.0085,24.6,0.7,
42,0.3235,7.9,0.0085,24.6,1.1,
43,0.3320,8.9,0.0085,24.6,1.0,
44,0.3405,9.9,0.0085,24.6,1.0,
45,0.3490,10.8,0.0085,24.6,0.9,
46,0.3575,11.5,0.0085,24.6,0.7,
47,0.3650,12.1,0.0075,24.6,0.6,
48,0.3735,12.9,0.0085,24.6,0.8,
49,0.3820,13.6,0.0085,24.6,0.7,
50,0.3905,14.4,0.0085,24.6,0.8,
51,0.3990,15.1,0.0085,24.6,0.7,
52,0.4075,15.7,0.0085,24.6,0.6,
53,0.4150,16.4,0.0075,24.6,0.7,
54,0.4235,17.1,0.0085,24.6,0.7,
55,0.4320,17.7,0.0085,24.6,0.6,
56,0.4405,18.4,0.0085,24.6,0.7,
57,0.4490,19.0,0.0085,24.6,0.6,
58,0.4575,19.7,0.0085,24.6,0.7,
59,0.4660,20.5,0.0085,24.6,0.8,
60,0.4735,21.1,0.0075,24.6,0.6,
61,0.4820,21.7,0.0085,24.6,0.6,
62,0.4905,22.3,0.0085,24.6,0.6,
63,0.4990,23.0,0.0085,24.6,0.7,
64,0.5075,23.6,0.0085,24.5,0.6,
65,0.5160,24.2,0.0085,24.5,0.6,
66,0.5235,24.8,0.0075,24.5,0.6,
67,0.5320,25.4,0.0085,24.5,0.6,
68,0.5405,26.1,0.0085,24.6,0.7,
69,0.5490,26.6,0.0085,24.5,0.5,
70,0.5575,27.3,0.0085,24.6,0.7,
71,0.5660,28.0,0.0085,24.5,0.7,
72,0.5745,28.6,0.0085,24.5,0.6,
73,0.5820,29.2,0.0075,24.6,0.6,
74,0.5905,29.9,0.0085,24.6,0.7,
75,0.5990,30.6,0.0085,24.5,0.7,
76,0.6075,31.2,0.0085,24.6,0.6,
77,0.6160,31.9,0.0085,24.6,0.7,
78,0.6245,32.4,0.0085,24.5,0.5,
79,0.6320,33.1,0.0075,24.5,0.7,
80,0.6405,33.7,0.0085,24.5,0.6,
81,0.6490,34.3,0.0085,24.5,0.6,
82,0.6575,34.9,0.0085,24.5,0.6,
83,0.6660,35.5,0.0085,24.5,0.6,
84,0.6745,36.5,0.0085,24.6,1.0,
85,0.6820,36.9,0.0075,24.5,0.4,
86,0.6905,37.5,0.0085,24.5,0.6,
87,0.6990,38.2,0.0085,24.5,0.7,
88,0.7075,38.8,0.0085,24.6,0.6,
89,0.7160,39.5,0.0085,24.6,0.7,
90,0.7245,40.1,0.0085,24.5,0.6,
91,0.7330,40.8,0.0085,24.5,0.7,
92,0.7405,41.6,0.0075,24.5,0.8,
93,0.7490,42.3,0.0085,24.5,0.7,
94,0.7575,42.9,0.0085,24.5,0.6,
95,0.7660,43.7,0.0085,24.5,0.8,
96,0.7745,44.3,0.0085,24.5,0.6,
97,0.7825,44.9,0.0080,24.5,0.6,
98,0.7905,45.6,0.0080,24.5,0.7,
99,0.7990,46.3,0.0085,24.5,0.7,
100,0.8075,47.0,0.0085,24.5,0.7,
101,0.8160,47.7,0.0085,24.6,0.7,
102,0.8245,48.6,0.0085,24.6,0.9,
103,0.8330,49.2,0.0085,24.5,0.6,
104,0.8410,49.9,0.0080,24.5,0.7,
105,0.8490,50.6,0.0080,24.5,0.7,
106,0.8575,51.3,0.0085,24.5,0.7,
107,0.8660,52.2,0.0085,24.5,0.9,
108,0.8745,52.8,0.0085,24.5,0.6,
109,0.8830,53.6,0.0085,24.5,0.8,
110,0.8915,54.3,0.0085,24.5,0.7,
111,0.8990,55.1,0.0075,24.5,0.8,
112,0.9075,55.9,0.0085,24.5,0.8,
113,0.9160,56.8,0.0085,24.5,0.9,
114,0.9245,57.7,0.0085,24.5,0.9,
115,0.9330,58.6,0.0085,24.5,0.9,
116,0.9415,59.5,0.0085,24.5,0.9,
117,0.9490,60.4,0.0075,24.5,0.9,
118,0.9575,61.2,0.0085,24.5,0.8,
119,0.9660,62.1,0.0085,24.5,0.9,
120,0.9745,63.0,0.0085,24.5,0.9,
121,0.9830,63.9,0.0085,24.5,0.9,
122,0.9915,64.8,0.0085,24.5,0.9,
123,0.9995,65.9,0.0080,24.5,1.1,
124,1.0075,66.7,0.0080,24.5,0.8,
125,1.0160,67.6,0.0085,24.5,0.9,
126,1.0245,68.7,0.0085,24.5,1.1,
127,1.0330,69.9,0.0085,24.5,1.2,
128,1.0415,71.2,0.0085,24.5,1.3,
129,1.0500,72.1,0.0085,24.5,0.9,
130,1.0575,73.0,0.0075,24.5,0.9,
131,1.0660,74.2,0.0085,24.5,1.2,
132,1.0745,75.3,0.0085,24.5,1.1,
133,1.0830,76.6,0.0085,24.5,1.3,
134,1.0915,77.8,0.0085,24.5,1.2,
135,1.1000,79.2,0.0085,24.5,1.4,
136,1.1075,80.5,0.0075,24.5,1.3,
137,1.1160,81.9,0.0085,24.5,1.4,
138,1.1245,83.3,0.0085,24.5,1.4,
139,1.1330,84.7,0.0085,24.5,1.4,
140,1.1415,86.0,0.0085,24.5,1.3,
141,1.1500,88.0,0.0085,24.5,2.0,
142,1.1575,89.9,0.0075,24.5,1.9,
143,1.1660,91.5,0.0085,24.5,1.6,
144,1.1745,93.2,0.0085,24.5,1.7,
145,1.1830,95.0,0.0085,24.5,1.8,
146,1.1915,97.1,0.0085,24.5,2.1,
147,1.2000,99.3,0.0085,24.5,2.2,
148,1.2085,101.6,0.0085,24.5,2.3,
149,1.2160,103.6,0.0075,24.5,2.0,
150,1.2245,106.7,0.0085,24.5,3.1,
151,1.2330,109.3,0.0085,24.5,2.6,
152,1.2415,112.0,0.0085,24.5,2.7,
153,1.2500,114.9,0.0085,24.5,2.9,
154,1.2580,118.6,0.0080,24.5,3.7,
155,1.2660,121.6,0.0080,24.5,3.0,
156,1.2745,125.1,0.0085,24.5,3.5,
157,1.2830,129.0,0.0085,24.5,3.9,
158,1.2915,132.8,0.0085,24.5,3.8,
159,1.3000,136.5,0.0085,24.5,3.7,
160,1.3080,140.1,0.0080,24.5,3.6,
161,1.3165,143.9,0.0085,24.5,3.8,
162,1.3245,147.5,0.0080,24.5,3.6,
163,1.3330,151.0,0.0085,24.5,3.5,
164,1.3415,154.1,0.0085,24.5,3.1,
165,1.3500,157.3,0.0085,24.5,3.2,
166,1.3580,160.3,0.0080,24.5,3.0,
167,1.3665,163.1,0.0085,24.5,2.8,
168,1.3745,165.2,0.0080,24.5,2.1,
169,1.3830,167.6,0.0085,24.5,2.4,
170,1.3915,169.9,0.0085,24.5,2.3,
171,1.4000,172.1,0.0085,24.5,2.2,
172,1.4085,174.0,0.0085,24.5,1.9,
173,1.4165,175.9,0.0080,24.5,1.9,
174,1.4245,177.6,0.0080,24.5,1.7,
175,1.4330,179.2,0.0085,24.5,1.6,
176,1.4415,180.9,0.0085,24.5,1.7,
177,1.4500,182.3,0.0085,24.5,1.4,
178,1.4585,183.9,0.0085,24.5,1.6,
179,1.4670,185.0,0.0085,24.5,1.1,
419,1.4670,191.7,0.0000,24.4,6.7,
420,1.4675,191.7,0.0005,24.4,0.0,
421,1.4690,191.7,0.0015,24.4,0.0,
422,1.4715,191.7,0.0025,24.4,0.0,
423,1.4755,191.8,0.0040,24.4,0.1,
424,1.4815,192.3,0.0060,24.4,0.5,
425,1.4895,193.2,0.0080,24.4,0.9,
426,1.4980,193.9,0.0085,24.4,0.7,
427,1.5065,194.7,0.0085,24.4,0.8,
428,1.5145,195.6,0.0080,24.4,0.9,
429,1.5230,196.5,0.0085,24.4,0.9,
430,1.5315,197.2,0.0085,24.4,0.7,
431,1.5400,198.0,0.0085,24.4,0.8,
432,1.5480,198.9,0.0080,24.4,0.9,
433,1.5565,199.5,0.0085,24.4,0.6,
434,1.5645,200.2,0.0080,24.4,0.7,
435,1.5730,200.9,0.0085,24.4,0.7,
436,1.5815,201.8,0.0085,24.3,0.9,
437,1.5895,202.5,0.0080,24.4,0.7,
438,1.5980,202.9,0.0085,24.4,0.4,
439,1.6065,203.7,0.0085,24.4,0.8,
440,1.6145,204.3,0.0080,24.4,0.6,
441,1.6230,204.8,0.0085,24.4,0.5,
442,1.6315,205.5,0.0085,24.4,0.7,
443,1.6395,206.0,0.0080,24.4,0.5,
444,1.6480,206.6,0.0085,24.4,0.6,
445,1.6565,207.2,0.0085,24.3,0.6,
446,1.6650,207.6,0.0085,24.4,0.4,
447,1.6730,208.2,0.0080,24.4,0.6,
448,1.6815,208.8,0.0085,24.4,0.6,
449,1.6900,209.3,0.0085,24.4,0.5,
450,1.6985,209.8,0.0085,24.3,0.5,
451,1.7065,210.3,0.0080,24.4,0.5,
452,1.7150,210.8,0.0085,24.4,0.5,
453,1.7230,211.3,0.0080,24.4,0.5,
454,1.7315,211.7,0.0085,24.4,0.4,
455,1.7400,212.2,0.0085,24.4,0.5,
456,1.7485,212.6,0.0085,24.4,0.4,
457,1.7570,213.1,0.0085,24.4,0.5,
458,1.7650,213.6,0.0080,24.4,0.5,
459,1.7730,214.0,0.0080,24.3,0.4,
460,1.7815,214.4,0.0085,24.3,0.4,
461,1.7900,214.9,0.0085,24.4,0.5,
462,1.7985,215.2,0.0085,24.3,0.3,
463,1.8065,215.6,0.0080,24.3,0.4,
464,1.8150,216.1,0.0085,24.4,0.5,
465,1.8235,216.5,0.0085,24.4,0.4,
466,1.8315,217.0,0.0080,24.4,0.5,
467,1.8400,217.2,0.0085,24.4,0.2,
468,1.8480,217.6,0.0080,24.4,0.4,
469,1.8565,218.1,0.0085,24.3,0.5,
470,1.8650,218.5,0.0085,24.4,0.4,
471,1.8735,218.7,0.0085,24.3,0.2,
472,1.8815,219.0,0.0080,24.3,0.3,
473,1.8900,219.4,0.0085,24.4,0.4,
474,1.8980,219.7,0.0080,24.4,0.3,
475,1.9065,220.0,0.0085,24.3,0.3,
476,1.9150,220.4,0.0085,24.3,0.4,
477,1.9235,220.7,0.0085,24.3,0.3,
478,1.9320,221.0,0.0085,24.3,0.3,
479,1.9400,221.3,0.0080,24.3,0.3,
480,1.9480,221.8,0.0080,24.4,0.5,
481,1.9565,222.0,0.0085,24.4,0.2,
482,1.9650,222.3,0.0085,24.3,0.3,
483,1.9735,222.7,0.0085,24.3,0.4,
484,1.9820,223.0,0.0085,24.3,0.3,
485,1.9900,223.3,0.0080,24.3,0.3,
486,1.9985,223.5,0.0085,24.3,0.2,
487,2.0070,223.8,0.0085,24.3,0.3,
488,2.0150,224.1,0.0080,24.3,0.3,
489,2.0235,224.5,0.0085,24.3,0.4,
490,2.0320,224.7,0.0085,24.3,0.2,
491,2.0400,225.1,0.0080,24.3,0.4,
492,2.0485,225.3,0.0085,24.3,0.2,
493,2.0570,225.6,0.0085,24.3,0.3,
494,2.0650,226.0,0.0080,24.3,0.4,
495,2.0735,226.2,0.0085,24.3,0.2,
496,2.0820,226.4,0.0085,24.3,0.2,
497,2.0905,226.7,0.0085,24.3,0.3,
498,2.0985,227.0,0.0080,24.3,0.3,
499,2.1070,227.2,0.0085,24.3,0.2,
500,2.1150,227.5,0.0080,24.3,0.3,
501,2.1235,227.7,0.0085,24.3,0.2,
502,2.1320,228.0,0.0085,24.3,0.3,
503,2.1405,228.3,0.0085,24.3,0.3,
504,2.1485,228.4,0.0080,24.3,0.1,
505,2.1570,228.7,0.0085,24.3,0.3,
506,2.1650,228.8,0.0080,24.3,0.1,
507,2.1735,229.2,0.0085,24.3,0.4,
508,2.1820,229.4,0.0085,24.3,0.2,
509,2.1905,229.6,0.0085,24.3,0.2,
510,2.1985,229.9,0.0080,24.3,0.3,
511,2.2070,230.1,0.0085,24.3,0.2,
512,2.2150,230.3,0.0080,24.3,0.2,
513,2.2235,230.5,0.0085,24.3,0.2,
514,2.2320,230.8,0.0085,24.3,0.3,
515,2.2405,231.1,0.0085,24.3,0.3,
516,2.2490,231.3,0.0085,24.3,0.2,
517,2.2570,231.5,0.0080,24.3,0.2,
518,2.2650,231.8,0.0080,24.3,0.3,
519,2.2735,232.0,0.0085,24.3,0.2,
520,2.2820,232.1,0.0085,24.3,0.1,
521,2.2905,232.4,0.0085,24.3,0.3,
522,2.2990,232.6,0.0085,24.3,0.2,
523,2.3070,232.7,0.0080,24.3,0.1,
524,2.3150,233.0,0.0080,24.3,0.3,
525,2.3235,233.2,0.0085,24.3,0.2,
526,2.3320,233.4,0.0085,24.3,0.2,
527,2.3405,233.6,0.0085,24.3,0.2,
528,2.3490,233.8,0.0085,24.3,0.2,
529,2.3570,233.9,0.0080,24.3,0.1,
530,2.3650,234.1,0.0080,24.3,0.2,
531,2.3715,234.4,0.0065,24.3,0.3,
532,2.3755,234.5,0.0040,24.3,0.1,
533,2.3790,234.5,0.0035,24.3,0.0,
534,2.3795,234.5,0.0005,24.3,0.0,
535,2.3810,234.6,0.0015,24.3,0.1,
536,2.3825,234.6,0.0015,24.3,0.0,
537,2.3850,234.7,0.0025,24.3,0.1,
538,2.3890,234.7,0.0040,24.3,0.0,
539,2.3930,234.8,0.0040,24.3,0.1,
540,2.3960,235.0,0.0030,24.3,0.2,
,2.3960,235.0,,,,EP
Titration (EP) [1],,"Scope 1/1, Sample 4/6",,,,
Measured Values,,"Scope 1/1, Sample 4/6",,,,
Time,V,Meas. value,dV,Temp.,dE,EP
[s],[mL],[mV],[mL],[°C],[mV],
0,0.0000,-19.4,,24.4,,
1,0.0010,-19.9,0.0010,24.4,-0.5,
2,0.0025,-20.1,0.0015,24.4,-0.2,
3,0.0050,-20.3,0.0025,24.4,-0.2,
4,0.0085,-20.4,0.0035,24.4,-0.1,
5,0.0145,-20.3,0.0060,24.4,0.1,
6,0.0225,-20.0,0.0080,24.4,0.3,
7,0.0310,-19.4,0.0085,24.4,0.6,
8,0.0385,-18.8,0.0075,24.4,0.6,
9,0.0470,-17.9,0.0085,24.4,0.9,
10,0.0555,-16.8,0.0085,24.4,1.1,
11,0.0640,-15.7,0.0085,24.4,1.1,
12,0.0725,-14.4,0.0085,24.4,1.3,
13,0.0810,-13.1,0.0085,24.4,1.3,
14,0.0885,-11.7,0.0075,24.4,1.4,
15,0.0970,-10.2,0.0085,24.4,1.5,
16,0.1055,-8.8,0.0085,24.4,1.4,
17,0.1140,-7.4,0.0085,24.4,1.4,
18,0.1225,-5.7,0.0085,24.4,1.7,
19,0.1310,-3.4,0.0085,24.4,2.3,
20,0.1395,-2.0,0.0085,24.4,1.4,
21,0.1470,-0.4,0.0075,24.4,1.6,
22,0.1555,-0.6,0.0085,24.4,-0.2,
23,0.1640,0.5,0.0085,24.4,1.1,
24,0.1725,2.2,0.0085,24.4,1.7,
25,0.1810,3.3,0.0085,24.4,1.1,
26,0.1895,4.3,0.0085,24.4,1.0,
27,0.1970,5.0,0.0075,24.4,0.7,
28,0.2055,5.5,0.0085,24.4,0.5,
29,0.2140,6.2,0.0085,24.4,0.7,
30,0.2225,7.2,0.0085,24.4,1.0,
31,0.2310,8.3,0.0085,24.4,1.1,
32,0.2395,9.2,0.0085,24.4,0.9,
33,0.2480,10.1,0.0085,24.4,0.9,
34,0.2555,10.9,0.0075,24.4,0.8,
35,0.2640,11.8,0.0085,24.4,0.9,
36,0.2725,12.6,0.0085,24.4,0.8,
37,0.2810,13.4,0.0085,24.4,0.8,
38,0.2895,14.1,0.0085,24.4,0.7,
39,0.2980,14.9,0.0085,24.4,0.8,
40,0.3055,15.5,0.0075,24.4,0.6,
41,0.3140,16.1,0.0085,24.4,0.6,
42,0.3225,16.7,0.0085,24.4,0.6,
43,0.3310,17.3,0.0085,24.4,0.6,
44,0.3395,17.9,0.0085,24.4,0.6,
45,0.3480,18.6,0.0085,24.4,0.7,
46,0.3565,19.1,0.0085,24.4,0.5,
47,0.3640,19.7,0.0075,24.4,0.6,
48,0.3725,20.4,0.0085,24.4,0.7,
49,0.3810,21.0,0.0085,24.4,0.6,
50,0.3895,21.6,0.0085,24.4,0.6,
51,0.3980,22.3,0.0085,24.4,0.7,
52,0.4065,22.9,0.0085,24.4,0.6,
53,0.4140,23.4,0.0075,24.4,0.5,
54,0.4225,24.0,0.0085,24.4,0.6,
55,0.4310,24.6,0.0085,24.4,0.6,
56,0.4395,25.2,0.0085,24.4,0.6,
57,0.4480,25.9,0.0085,24.4,0.7,
58,0.4565,26.5,0.0085,24.4,0.6,
59,0.4650,27.1,0.0085,24.4,0.6,
60,0.4725,27.6,0.0075,24.4,0.5,
61,0.4810,28.2,0.0085,24.4,0.6,
62,0.4895,28.8,0.0085,24.4,0.6,
63,0.4980,29.3,0.0085,24.4,0.5,
64,0.5065,29.9,0.0085,24.4,0.6,
65,0.5150,30.5,0.0085,24.4,0.6,
66,0.5225,30.9,0.0075,24.4,0.4,
67,0.5310,31.5,0.0085,24.4,0.6,
68,0.5395,32.1,0.0085,24.4,0.6,
69,0.5480,32.7,0.0085,24.4,0.6,
70,0.5565,33.3,0.0085,24.4,0.6,
71,0.5650,33.9,0.0085,24.4,0.6,
72,0.5725,34.5,0.0075,24.4,0.6,
73,0.5810,35.1,0.0085,24.4,0.6,
74,0.5895,35.6,0.0085,24.4,0.5,
75,0.5980,36.2,0.0085,24.4,0.6,
76,0.6065,36.8,0.0085,24.4,0.6,
77,0.6150,37.5,0.0085,24.4,0.7,
78,0.6235,38.0,0.0085,24.4,0.5,
79,0.6310,38.6,0.0075,24.4,0.6,
80,0.6395,39.1,0.0085,24.4,0.5,
81,0.6480,39.6,0.0085,24.4,0.5,
82,0.6565,40.2,0.0085,24.4,0.6,
83,0.6650,41.0,0.0085,24.4,0.8,
84,0.6735,41.6,0.0085,24.4,0.6,
85,0.6810,42.1,0.0075,24.4,0.5,
86,0.6895,42.7,0.0085,24.4,0.6,
87,0.6980,43.4,0.0085,24.4,0.7,
88,0.7065,44.0,0.0085,24.4,0.6,
89,0.7150,44.6,0.0085,24.4,0.6,
90,0.7235,45.3,0.0085,24.4,0.7,
91,0.7310,45.8,0.0075,24.4,0.5,
92,0.7395,46.4,0.0085,24.4,0.6,
93,0.7480,47.1,0.0085,24.4,0.7,
94,0.7565,47.8,0.0085,24.4,0.7,
95,0.7650,48.4,0.0085,24.4,0.6,
96,0.7735,49.0,0.0085,24.4,0.6,
97,0.7820,49.6,0.0085,24.4,0.6,
98,0.7895,50.2,0.0075,24.4,0.6,
99,0.7980,50.9,0.0085,24.4,0.7,
100,0.8065,51.6,0.0085,24.4,0.7,
101,0.8150,52.2,0.0085,24.4,0.6,
102,0.8235,53.0,0.0085,24.4,0.8,
103,0.8320,53.8,0.0085,24.4,0.8,
104,0.8395,54.4,0.0075,24.4,0.6,
105,0.8480,55.2,0.0085,24.4,0.8,
106,0.8565,55.9,0.0085,24.4,0.7,
107,0.8650,56.7,0.0085,24.3,0.8,
108,0.8735,57.3,0.0085,24.4,0.6,
109,0.8820,58.0,0.0085,24.4,0.7,
110,0.8900,58.7,0.0080,24.4,0.7,
111,0.8980,59.5,0.0080,24.4,0.8,
112,0.9065,60.2,0.0085,24.4,0.7,
113,0.9150,61.0,0.0085,24.4,0.8,
114,0.9235,61.7,0.0085,24.4,0.7,
115,0.9320,62.5,0.0085,24.4,0.8,
116,0.9400,63.3,0.0080,24.3,0.8,
117,0.9480,64.1,0.0080,24.4,0.8,
118,0.9565,64.9,0.0085,24.4,0.8,
119,0.9650,65.7,0.0085,24.3,0.8,
120,0.9735,66.6,0.0085,24.3,0.9,
121,0.9820,67.5,0.0085,24.4,0.9,
122,0.9900,68.3,0.0080,24.3,0.8,
123,0.9985,69.2,0.0085,24.3,0.9,
124,1.0065,70.3,0.0080,24.4,1.1,
125,1.0150,71.2,0.0085,24.4,0.9,
126,1.0235,72.3,0.0085,24.3,1.1,
127,1.0315,73.2,0.0080,24.3,0.9,
128,1.0400,74.3,0.0085,24.3,1.1,
129,1.0485,75.3,0.0085,24.4,1.0,
130,1.0565,76.5,0.0080,24.4,1.2,
131,1.0650,77.7,0.0085,24.4,1.2,
132,1.0735,78.7,0.0085,24.3,1.0,
133,1.0820,79.9,0.0085,24.4,1.2,
134,1.0900,81.4,0.0080,24.4,1.5,
135,1.0985,82.6,0.0085,24.3,1.2,
136,1.1065,83.8,0.0080,24.3,1.2,
137,1.1150,85.0,0.0085,24.3,1.2,
138,1.1235,86.3,0.0085,24.3,1.3,
139,1.1320,87.8,0.0085,24.3,1.5,
140,1.1405,89.5,0.0085,24.3,1.7,
141,1.1485,91.2,0.0080,24.3,1.7,
142,1.1570,92.6,0.0085,24.3,1.4,
143,1.1650,94.3,0.0080,24.3,1.7,
144,1.1735,96.1,0.0085,24.3,1.8,
145,1.1820,98.2,0.0085,24.3,2.1,
146,1.1905,100.1,0.0085,24.3,1.9,
147,1.1985,102.2,0.0080,24.3,2.1,
148,1.2070,104.7,0.0085,24.3,2.5,
149,1.2150,106.8,0.0080,24.4,2.1,
150,1.2235,109.4,0.0085,24.3,2.6,
151,1.2320,112.4,0.0085,24.3,3.0,
152,1.2405,115.3,0.0085,24.3,2.9,
153,1.2485,118.4,0.0080,24.3,3.1,
154,1.2570,121.5,0.0085,24.3,3.1,
155,1.2650,124.6,0.0080,24.3,3.1,
156,1.2735,128.3,0.0085,24.3,3.7,
157,1.2820,132.4,0.0085,24.3,4.1,
158,1.2905,136.0,0.0085,24.3,3.6,
159,1.2985,140.1,0.0080,24.3,4.1,
160,1.3070,143.9,0.0085,24.3,3.8,
161,1.3155,147.0,0.0085,24.3,3.1,
162,1.3235,150.5,0.0080,24.3,3.5,
163,1.3320,153.8,0.0085,24.3,3.3,
164,1.3405,156.8,0.0085,24.3,3.0,
165,1.3490,159.7,0.0085,24.3,2.9,
166,1.3570,162.5,0.0080,24.3,2.8,
167,1.3655,165.0,0.0085,24.3,2.5,
168,1.3735,167.2,0.0080,24.3,2.2,
169,1.3820,169.7,0.0085,24.3,2.5,
170,1.3905,172.0,0.0085,24.3,2.3,
171,1.3990,173.9,0.0085,24.3,1.9,
172,1.4070,175.9,0.0080,24.3,2.0,
173,1.4155,177.6,0.0085,24.3,1.7,
174,1.4240,179.2,0.0085,24.3,1.6,
175,1.4320,180.8,0.0080,24.3,1.6,
176,1.4405,182.3,0.0085,24.3,1.5,
177,1.4490,183.9,0.0085,24.3,1.6,
178,1.4585,185.1,0.0095,24.3,1.2,
418,1.4585,191.6,0.0000,24.2,6.5,
420,1.4590,191.6,0.0005,24.2,0.0,
420,1.4605,191.6,0.0015,24.2,0.0,
422,1.4630,191.6,0.0025,24.2,0.0,
423,1.4670,191.7,0.0040,24.2,0.1,
424,1.4730,192.2,0.0060,24.2,0.5,
425,1.4815,193.0,0.0085,24.2,0.8,
426,1.4900,193.9,0.0085,24.2,0.9,
427,1.4975,194.8,0.0075,24.2,0.9,
428,1.5060,195.7,0.0085,24.2,0.9,
429,1.5145,196.4,0.0085,24.2,0.7,
430,1.5230,197.2,0.0085,24.2,0.8,
431,1.5315,197.9,0.0085,24.2,0.7,
432,1.5400,198.7,0.0085,24.2,0.8,
433,1.5485,199.5,0.0085,24.2,0.8,
434,1.5560,200.1,0.0075,24.2,0.6,
435,1.5645,200.8,0.0085,24.2,0.7,
436,1.5730,201.6,0.0085,24.2,0.8,
437,1.5815,202.3,0.0085,24.2,0.7,
438,1.5900,203.1,0.0085,24.2,0.8,
439,1.5985,203.8,0.0085,24.2,0.7,
440,1.6060,204.3,0.0075,24.2,0.5,
441,1.6145,204.8,0.0085,24.2,0.5,
442,1.6230,205.4,0.0085,24.2,0.6,
443,1.6315,206.1,0.0085,24.2,0.7,
444,1.6400,206.6,0.0085,24.2,0.5,
445,1.6485,207.2,0.0085,24.2,0.6,
446,1.6560,207.7,0.0075,24.2,0.5,
446,1.6645,208.4,0.0085,24.2,0.7,
448,1.6730,208.9,0.0085,24.2,0.5,
449,1.6815,209.5,0.0085,24.2,0.6,
450,1.6900,209.9,0.0085,24.2,0.4,
451,1.6985,210.4,0.0085,24.2,0.5,
452,1.7070,210.9,0.0085,24.2,0.5,
452,1.7145,211.4,0.0075,24.2,0.5,
454,1.7230,211.9,0.0085,24.2,0.5,
455,1.7315,212.4,0.0085,24.2,0.5,
456,1.7400,212.8,0.0085,24.2,0.4,
457,1.7485,213.3,0.0085,24.2,0.5,
458,1.7570,213.7,0.0085,24.2,0.4,
458,1.7645,214.1,0.0075,24.2,0.4,
460,1.7730,214.5,0.0085,24.2,0.4,
460,1.7815,214.9,0.0085,24.2,0.4,
462,1.7900,215.4,0.0085,24.2,0.5,
463,1.7985,215.9,0.0085,24.2,0.5,
464,1.8070,216.3,0.0085,24.2,0.4,
464,1.8155,216.7,0.0085,24.2,0.4,
466,1.8230,217.1,0.0075,24.2,0.4,
467,1.8315,217.5,0.0085,24.2,0.4,
468,1.8400,217.8,0.0085,24.2,0.3,
469,1.8485,218.3,0.0085,24.2,0.5,
470,1.8570,218.6,0.0085,24.2,0.3,
471,1.8655,218.9,0.0085,24.2,0.3,
472,1.8730,219.2,0.0075,24.2,0.3,
472,1.8815,219.6,0.0085,24.2,0.4,
474,1.8900,219.9,0.0085,24.2,0.3,
475,1.8985,220.2,0.0085,24.2,0.3,
476,1.9070,220.7,0.0085,24.2,0.5,
477,1.9155,221.0,0.0085,24.2,0.3,
478,1.9230,221.2,0.0075,24.2,0.2,
478,1.9315,221.6,0.0085,24.2,0.4,
480,1.9400,221.9,0.0085,24.2,0.3,
481,1.9485,222.2,0.0085,24.2,0.3,
482,1.9570,222.5,0.0085,24.2,0.3,
483,1.9655,222.9,0.0085,24.2,0.4,
484,1.9740,223.2,0.0085,24.2,0.3,
484,1.9815,223.5,0.0075,24.2,0.3,
486,1.9900,223.8,0.0085,24.2,0.3,
487,1.9985,224.2,0.0085,24.2,0.4,
488,2.0070,224.5,0.0085,24.2,0.3,
489,2.0155,224.8,0.0085,24.2,0.3,
490,2.0240,225.1,0.0085,24.2,0.3,
490,2.0315,225.2,0.0075,24.2,0.1,
492,2.0400,225.5,0.0085,24.2,0.3,
493,2.0485,225.9,0.0085,24.2,0.4,
494,2.0570,226.1,0.0085,24.2,0.2,
495,2.0655,226.4,0.0085,24.2,0.3,
496,2.0740,226.7,0.0085,24.2,0.3,
497,2.0815,226.9,0.0075,24.2,0.2,
498,2.0900,227.2,0.0085,24.2,0.3,
499,2.0985,227.5,0.0085,24.2,0.3,
500,2.1070,227.8,0.0085,24.2,0.3,
501,2.1155,228.0,0.0085,24.2,0.2,
502,2.1240,228.3,0.0085,24.2,0.3,
502,2.1315,228.5,0.0075,24.2,0.2,
504,2.1400,228.7,0.0085,24.2,0.2,
505,2.1485,229.0,0.0085,24.2,0.3,
506,2.1570,229.2,0.0085,24.2,0.2,
507,2.1655,229.4,0.0085,24.2,0.2,
508,2.1740,229.7,0.0085,24.2,0.3,
509,2.1825,229.9,0.0085,24.2,0.2,
510,2.1900,230.1,0.0075,24.2,0.2,
510,2.1985,230.3,0.0085,24.2,0.2,
512,2.2070,230.7,0.0085,24.2,0.4,
513,2.2155,230.8,0.0085,24.2,0.1,
514,2.2240,231.1,0.0085,24.2,0.3,
515,2.2325,231.3,0.0085,24.2,0.2,
516,2.2400,231.5,0.0075,24.2,0.2,
516,2.2485,231.8,0.0085,24.2,0.3,
518,2.2570,232.0,0.0085,24.2,0.2,
519,2.2655,232.2,0.0085,24.2,0.2,
520,2.2740,232.4,0.0085,24.2,0.2,
521,2.2825,232.6,0.0085,24.2,0.2,
522,2.2910,232.7,0.0085,24.2,0.1,
522,2.2985,233.0,0.0075,24.2,0.3,
524,2.3070,233.3,0.0085,24.2,0.3,
524,2.3155,233.4,0.0085,24.2,0.1,
526,2.3240,233.7,0.0085,24.2,0.3,
527,2.3325,233.9,0.0085,24.2,0.2,
528,2.3405,234.0,0.0080,24.2,0.1,
528,2.3475,234.2,0.0070,24.2,0.2,
530,2.3545,234.3,0.0070,24.2,0.1,
530,2.3585,234.5,0.0040,24.2,0.2,
532,2.3590,234.4,0.0005,24.2,-0.1,
533,2.3600,234.6,0.0010,24.2,0.2,
534,2.3615,234.5,0.0015,24.2,-0.1,
534,2.3630,234.7,0.0015,24.2,0.2,
536,2.3660,234.8,0.0030,24.2,0.1,
536,2.3700,234.8,0.0040,24.2,0.0,
538,2.3740,235.0,0.0040,24.2,0.2,
,2.3740,235.0,,,,EP
539,2.3785,235.0,0.0045,24.2,0.0,
Titration (EP) [1],,"Scope 1/1, Sample 5/6",,,,
Measured Values,,"Scope 1/1, Sample 5/6",,,,
Time,V,Meas. value,dV,Temp.,dE,EP
[s],[mL],[mV],[mL],[°C],[mV],
0,0.0000,1.1,,24.3,,
1,0.0010,0.0,0.0010,24.3,-1.1,
2,0.0025,-0.2,0.0015,24.3,-0.2,
3,0.0050,-0.3,0.0025,24.3,-0.1,
4,0.0085,-0.3,0.0035,24.3,0.0,
5,0.0145,-0.3,0.0060,24.2,0.0,
6,0.0230,0.0,0.0085,24.2,0.3,
7,0.0315,1.0,0.0085,24.2,1.0,
8,0.0400,2.0,0.0085,24.3,1.0,
9,0.0475,3.1,0.0075,24.2,1.1,
10,0.0560,3.9,0.0085,24.3,0.8,
11,0.0645,4.8,0.0085,24.2,0.9,
12,0.0730,5.5,0.0085,24.2,0.7,
13,0.0815,6.6,0.0085,24.2,1.1,
14,0.0900,8.0,0.0085,24.2,1.4,
15,0.0975,9.2,0.0075,24.3,1.2,
16,0.1060,10.3,0.0085,24.3,1.1,
17,0.1145,11.3,0.0085,24.2,1.0,
18,0.1230,12.2,0.0085,24.2,0.9,
19,0.1315,12.9,0.0085,24.3,0.7,
20,0.1400,13.8,0.0085,24.3,0.9,
21,0.1475,14.5,0.0075,24.2,0.7,
22,0.1560,15.3,0.0085,24.2,0.8,
23,0.1645,16.0,0.0085,24.2,0.7,
24,0.1730,16.7,0.0085,24.2,0.7,
25,0.1815,17.4,0.0085,24.2,0.7,
26,0.1900,18.1,0.0085,24.2,0.7,
27,0.1975,18.6,0.0075,24.2,0.5,
28,0.2060,19.1,0.0085,24.2,0.5,
29,0.2145,19.7,0.0085,24.2,0.6,
30,0.2230,20.3,0.0085,24.2,0.6,
31,0.2315,21.0,0.0085,24.2,0.7,
32,0.2400,21.5,0.0085,24.2,0.5,
33,0.2485,22.0,0.0085,24.2,0.5,
34,0.2560,22.6,0.0075,24.2,0.6,
35,0.2645,23.1,0.0085,24.2,0.5,
36,0.2730,23.6,0.0085,24.2,0.5,
37,0.2815,24.3,0.0085,24.2,0.7,
38,0.2900,24.8,0.0085,24.2,0.5,
39,0.2985,25.3,0.0085,24.2,0.5,
40,0.3060,25.8,0.0075,24.2,0.5,
41,0.3145,26.4,0.0085,24.2,0.6,
42,0.3230,26.8,0.0085,24.2,0.4,
43,0.3315,27.4,0.0085,24.2,0.6,
44,0.3400,27.9,0.0085,24.2,0.5,
45,0.3485,28.4,0.0085,24.2,0.5,
46,0.3560,28.9,0.0075,24.2,0.5,
47,0.3645,29.4,0.0085,24.2,0.5,
48,0.3730,29.9,0.0085,24.2,0.5,
49,0.3815,30.5,0.0085,24.2,0.6,
50,0.3900,31.1,0.0085,24.2,0.6,
51,0.3985,31.6,0.0085,24.2,0.5,
52,0.4070,32.1,0.0085,24.2,0.5,
53,0.4145,32.6,0.0075,24.2,0.5,
54,0.4230,33.0,0.0085,24.2,0.4,
55,0.4315,33.6,0.0085,24.2,0.6,
56,0.4400,34.1,0.0085,24.2,0.5,
57,0.4485,34.5,0.0085,24.2,0.4,
58,0.4570,35.0,0.0085,24.2,0.5,
59,0.4645,35.4,0.0075,24.2,0.4,
60,0.4730,36.0,0.0085,24.2,0.6,
61,0.4815,36.5,0.0085,24.2,0.5,
62,0.4900,37.0,0.0085,24.2,0.5,
63,0.4985,37.5,0.0085,24.2,0.5,
64,0.5070,38.1,0.0085,24.2,0.6,
65,0.5145,38.5,0.0075,24.2,0.4,
66,0.5230,39.1,0.0085,24.2,0.6,
67,0.5315,39.6,0.0085,24.2,0.5,
68,0.5400,40.1,0.0085,24.2,0.5,
69,0.5485,40.6,0.0085,24.2,0.5,
70,0.5570,41.2,0.0085,24.2,0.6,
71,0.5650,41.6,0.0080,24.2,0.4,
72,0.5735,42.2,0.0085,24.2,0.6,
73,0.5815,42.6,0.0080,24.2,0.4,
74,0.5900,43.2,0.0085,24.2,0.6,
75,0.5985,43.7,0.0085,24.2,0.5,
76,0.6070,44.2,0.0085,24.2,0.5,
77,0.6155,44.7,0.0085,24.2,0.5,
78,0.6235,45.2,0.0080,24.2,0.5,
79,0.6320,45.7,0.0085,24.2,0.5,
80,0.6400,46.3,0.0080,24.2,0.6,
81,0.6485,46.8,0.0085,24.2,0.5,
82,0.6570,47.4,0.0085,24.2,0.6,
83,0.6655,47.9,0.0085,24.2,0.5,
84,0.6735,48.4,0.0080,24.2,0.5,
85,0.6820,49.1,0.0085,24.2,0.7,
86,0.6905,49.7,0.0085,24.2,0.6,
87,0.6985,50.2,0.0080,24.2,0.5,
88,0.7070,50.9,0.0085,24.2,0.7,
89,0.7155,51.4,0.0085,24.2,0.5,
90,0.7235,51.9,0.0080,24.2,0.5,
91,0.7320,52.5,0.0085,24.2,0.6,
92,0.7405,53.0,0.0085,24.2,0.5,
93,0.7490,53.6,0.0085,24.2,0.6,
94,0.7570,54.3,0.0080,24.2,0.7,
95,0.7655,54.9,0.0085,24.2,0.6,
96,0.7735,55.4,0.0080,24.2,0.5,
97,0.7820,56.1,0.0085,24.2,0.7,
98,0.7905,56.8,0.0085,24.2,0.7,
99,0.7990,57.4,0.0085,24.2,0.6,
100,0.8070,58.0,0.0080,24.2,0.6,
101,0.8155,58.6,0.0085,24.2,0.6,
102,0.8240,59.2,0.0085,24.2,0.6,
103,0.8320,59.9,0.0080,24.2,0.7,
104,0.8405,60.4,0.0085,24.2,0.5,
105,0.8490,61.1,0.0085,24.2,0.7,
106,0.8570,61.7,0.0080,24.2,0.6,
107,0.8655,62.5,0.0085,24.2,0.8,
108,0.8740,63.2,0.0085,24.2,0.7,
109,0.8820,63.8,0.0080,24.2,0.6,
110,0.8905,64.6,0.0085,24.2,0.8,
111,0.8985,65.4,0.0080,24.2,0.8,
112,0.9070,66.1,0.0085,24.2,0.7,
113,0.9155,66.8,0.0085,24.2,0.7,
114,0.9240,67.6,0.0085,24.2,0.8,
115,0.9325,68.2,0.0085,24.2,0.6,
116,0.9400,68.9,0.0075,24.2,0.7,
117,0.9485,69.7,0.0085,24.2,0.8,
118,0.9570,70.9,0.0085,24.2,1.2,
119,0.9655,71.6,0.0085,24.2,0.7,
120,0.9740,72.3,0.0085,24.2,0.7,
121,0.9825,73.2,0.0085,24.2,0.9,
122,0.9905,74.0,0.0080,24.2,0.8,
123,0.9985,74.9,0.0080,24.2,0.9,
124,1.0070,75.7,0.0085,24.2,0.8,
125,1.0155,76.6,0.0085,24.2,0.9,
126,1.0240,77.8,0.0085,24.2,1.2,
127,1.0325,78.8,0.0085,24.2,1.0,
128,1.0405,79.6,0.0080,24.2,0.8,
129,1.0485,80.5,0.0080,24.2,0.9,
130,1.0570,81.7,0.0085,24.2,1.2,
131,1.0655,82.8,0.0085,24.2,1.1,
132,1.0740,83.9,0.0085,24.2,1.1,
133,1.0825,84.9,0.0085,24.2,1.0,
134,1.0910,86.1,0.0085,24.2,1.2,
135,1.0990,87.4,0.0080,24.2,1.3,
136,1.1070,88.7,0.0080,24.2,1.3,
137,1.1155,90.0,0.0085,24.2,1.3,
138,1.1240,91.4,0.0085,24.2,1.4,
139,1.1325,93.0,0.0085,24.2,1.6,
140,1.1410,94.4,0.0085,24.2,1.4,
141,1.1490,95.7,0.0080,24.2,1.3,
142,1.1575,97.4,0.0085,24.2,1.7,
143,1.1655,99.1,0.0080,24.2,1.7,
144,1.1740,100.8,0.0085,24.2,1.7,
145,1.1825,102.9,0.0085,24.2,2.1,
146,1.1910,105.1,0.0085,24.2,2.2,
147,1.1990,107.0,0.0080,24.2,1.9,
148,1.2070,109.2,0.0080,24.2,2.2,
149,1.2155,111.6,0.0085,24.2,2.4,
150,1.2240,114.4,0.0085,24.2,2.8,
151,1.2325,117.1,0.0085,24.2,2.7,
152,1.2410,120.1,0.0085,24.2,3.0,
153,1.2495,122.8,0.0085,24.2,2.7,
154,1.2575,126.0,0.0080,24.2,3.2,
155,1.2655,129.7,0.0080,24.2,3.7,
156,1.2740,133.0,0.0085,24.2,3.3,
157,1.2825,137.0,0.0085,24.2,4.0,
158,1.2910,140.6,0.0085,24.2,3.6,
159,1.2995,144.0,0.0085,24.2,3.4,
160,1.3075,147.2,0.0080,24.2,3.2,
161,1.3155,150.8,0.0080,24.2,3.6,
162,1.3240,153.8,0.0085,24.2,3.0,
163,1.3325,156.6,0.0085,24.2,2.8,
164,1.3410,159.3,0.0085,24.2,2.7,
165,1.3495,162.3,0.0085,24.2,3.0,
166,1.3580,164.6,0.0085,24.2,2.3,
167,1.3655,166.9,0.0075,24.2,2.3,
168,1.3740,169.1,0.0085,24.2,2.2,
169,1.3825,171.4,0.0085,24.2,2.3,
170,1.3910,173.3,0.0085,24.2,1.9,
171,1.3995,175.4,0.0085,24.2,2.1,
172,1.4080,177.2,0.0085,24.2,1.8,
173,1.4155,178.7,0.0075,24.2,1.5,
174,1.4240,180.3,0.0085,24.2,1.6,
175,1.4325,181.9,0.0085,24.2,1.6,
176,1.4410,183.4,0.0085,24.2,1.5,
177,1.4495,184.8,0.0085,24.2,1.4,
178,1.4525,185.1,0.0030,24.2,0.3,
418,1.4525,191.8,0.0000,24.1,6.7,
419,1.4530,191.7,0.0005,24.1,-0.1,
420,1.4545,191.7,0.0015,24.1,0.0,
421,1.4575,191.7,0.0030,24.1,0.0,
422,1.4610,191.8,0.0035,24.1,0.1,
423,1.4675,192.2,0.0065,24.1,0.4,
424,1.4755,192.9,0.0080,24.1,0.7,
425,1.4840,194.0,0.0085,24.1,1.1,
426,1.4920,194.6,0.0080,24.1,0.6,
427,1.5005,195.5,0.0085,24.1,0.9,
428,1.5090,196.4,0.0085,24.1,0.9,
429,1.5175,197.3,0.0085,24.1,0.9,
430,1.5255,198.0,0.0080,24.1,0.7,
431,1.5340,198.9,0.0085,24.1,0.9,
432,1.5425,199.7,0.0085,24.1,0.8,
433,1.5505,200.3,0.0080,24.1,0.6,
434,1.5590,201.1,0.0085,24.1,0.8,
435,1.5675,201.8,0.0085,24.1,0.7,
436,1.5760,202.4,0.0085,24.1,0.6,
437,1.5845,203.2,0.0085,24.1,0.8,
438,1.5925,203.8,0.0080,24.1,0.6,
439,1.6005,204.4,0.0080,24.1,0.6,
440,1.6090,204.9,0.0085,24.1,0.5,
441,1.6175,205.5,0.0085,24.1,0.6,
442,1.6260,206.2,0.0085,24.1,0.7,
443,1.6345,206.8,0.0085,24.1,0.6,
444,1.6430,207.4,0.0085,24.1,0.6,
445,1.6505,207.8,0.0075,24.1,0.4,
446,1.6590,208.3,0.0085,24.1,0.5,
447,1.6675,209.1,0.0085,24.1,0.8,
448,1.6760,209.4,0.0085,24.1,0.3,
449,1.6845,210.0,0.0085,24.1,0.6,
450,1.6930,210.6,0.0085,24.1,0.6,
451,1.7005,211.1,0.0075,24.1,0.5,
452,1.7090,211.6,0.0085,24.1,0.5,
453,1.7175,212.0,0.0085,24.1,0.4,
454,1.7260,212.6,0.0085,24.1,0.6,
455,1.7345,213.0,0.0085,24.1,0.4,
456,1.7430,213.5,0.0085,24.1,0.5,
457,1.7505,213.9,0.0075,24.1,0.4,
458,1.7590,214.3,0.0085,24.1,0.4,
459,1.7675,214.8,0.0085,24.1,0.5,
460,1.7760,215.1,0.0085,24.1,0.3,
461,1.7845,215.6,0.0085,24.1,0.5,
462,1.7930,216.0,0.0085,24.1,0.4,
463,1.8015,216.4,0.0085,24.1,0.4,
464,1.8090,216.7,0.0075,24.1,0.3,
465,1.8175,217.1,0.0085,24.1,0.4,
466,1.8260,217.5,0.0085,24.1,0.4,
467,1.8345,217.9,0.0085,24.1,0.4,
468,1.8430,218.4,0.0085,24.1,0.5,
469,1.8515,218.7,0.0085,24.1,0.3,
470,1.8590,219.1,0.0075,24.1,0.4,
471,1.8675,219.5,0.0085,24.1,0.4,
472,1.8760,219.8,0.0085,24.1,0.3,
473,1.8845,220.2,0.0085,24.1,0.4,
474,1.8930,220.5,0.0085,24.1,0.3,
475,1.9015,220.8,0.0085,24.1,0.3,
476,1.9100,221.1,0.0085,24.1,0.3,
477,1.9175,221.4,0.0075,24.1,0.3,
478,1.9260,221.8,0.0085,24.1,0.4,
479,1.9345,222.1,0.0085,24.1,0.3,
480,1.9430,222.3,0.0085,24.1,0.2,
481,1.9515,222.8,0.0085,24.1,0.5,
482,1.9600,223.0,0.0085,24.1,0.2,
483,1.9675,223.4,0.0075,24.1,0.4,
484,1.9760,223.7,0.0085,24.1,0.3,
485,1.9845,224.0,0.0085,24.1,0.3,
486,1.9930,224.3,0.0085,24.1,0.3,
487,2.0015,224.6,0.0085,24.1,0.3,
488,2.0100,224.8,0.0085,24.1,0.2,
489,2.0175,225.1,0.0075,24.1,0.3,
490,2.0260,225.4,0.0085,24.1,0.3,
491,2.0345,225.6,0.0085,24.1,0.2,
492,2.0430,226.0,0.0085,24.1,0.4,
493,2.0515,226.2,0.0085,24.1,0.2,
494,2.0600,226.6,0.0085,24.1,0.4,
495,2.0685,226.8,0.0085,24.1,0.2,
496,2.0760,227.1,0.0075,24.1,0.3,
497,2.0845,227.3,0.0085,24.1,0.2,
498,2.0930,227.6,0.0085,24.1,0.3,
499,2.1015,227.8,0.0085,24.1,0.2,
500,2.1100,228.1,0.0085,24.1,0.3,
501,2.1185,228.3,0.0085,24.1,0.2,
502,2.1260,228.6,0.0075,24.1,0.3,
503,2.1345,228.8,0.0085,24.1,0.2,
504,2.1430,229.1,0.0085,24.1,0.3,
505,2.1515,229.4,0.0085,24.0,0.3,
506,2.1600,229.6,0.0085,24.1,0.2,
507,2.1685,229.9,0.0085,24.1,0.3,
508,2.1760,230.1,0.0075,24.1,0.2,
509,2.1845,230.3,0.0085,24.1,0.2,
510,2.1930,230.6,0.0085,24.1,0.3,
511,2.2015,230.8,0.0085,24.1,0.2,
512,2.2100,231.0,0.0085,24.1,0.2,
513,2.2185,231.3,0.0085,24.1,0.3,
514,2.2260,231.5,0.0075,24.1,0.2,
515,2.2345,231.7,0.0085,24.1,0.2,
516,2.2430,231.9,0.0085,24.1,0.2,
517,2.2515,232.1,0.0085,24.0,0.2,
518,2.2600,232.4,0.0085,24.0,0.3,
519,2.2685,232.7,0.0085,24.1,0.3,
520,2.2760,232.7,0.0075,24.0,0.0,
521,2.2845,233.0,0.0085,24.1,0.3,
522,2.2930,233.1,0.0085,24.1,0.1,
523,2.3015,233.5,0.0085,24.1,0.4,
524,2.3100,233.6,0.0085,24.1,0.1,
525,2.3185,233.8,0.0085,24.1,0.2,
526,2.3270,234.0,0.0085,24.1,0.2,
527,2.3335,234.1,0.0065,24.1,0.1,
528,2.3410,234.3,0.0075,24.1,0.2,
529,2.3475,234.5,0.0065,24.0,0.2,
530,2.3485,234.5,0.0010,24.1,0.0,
531,2.3495,234.5,0.0010,24.1,0.0,
532,2.3505,234.7,0.0010,24.1,0.2,
533,2.3520,234.7,0.0015,24.0,0.0,
534,2.3550,234.8,0.0030,24.1,0.1,
535,2.3580,234.8,0.0030,24.1,0.0,
536,2.3615,234.9,0.0035,24.1,0.1,
536,2.3630,235.0,0.0015,24.1,0.1,
,2.3630,235.0,,,,EP
Titration (EP) [1],,"Scope 1/1, Sample 6/6",,,,
Measured Values,,"Scope 1/1, Sample 6/6",,,,
Time,V,Meas. value,dV,Temp.,dE,EP
[s],[mL],[mV],[mL],[°C],[mV],
0,0.0000,-29.5,,24.1,,
1,0.0010,-30.2,0.0010,24.1,-0.7,
2,0.0025,-30.4,0.0015,24.1,-0.2,
3,0.0050,-30.6,0.0025,24.1,-0.2,
4,0.0085,-30.8,0.0035,24.1,-0.2,
5,0.0145,-30.7,0.0060,24.1,0.1,
6,0.0230,-30.4,0.0085,24.1,0.3,
7,0.0315,-29.8,0.0085,24.1,0.6,
8,0.0390,-29.2,0.0075,24.1,0.6,
9,0.0475,-28.5,0.0085,24.1,0.7,
10,0.0560,-27.6,0.0085,24.1,0.9,
11,0.0645,-26.6,0.0085,24.1,1.0,
12,0.0730,-25.6,0.0085,24.1,1.0,
13,0.0815,-24.4,0.0085,24.1,1.2,
14,0.0900,-23.5,0.0085,24.1,0.9,
15,0.0975,-22.2,0.0075,24.1,1.3,
16,0.1060,-20.8,0.0085,24.1,1.4,
17,0.1145,-19.4,0.0085,24.1,1.4,
18,0.1230,-17.8,0.0085,24.1,1.6,
19,0.1315,-16.1,0.0085,24.1,1.7,
20,0.1400,-14.4,0.0085,24.1,1.7,
21,0.1475,-12.9,0.0075,24.1,1.5,
22,0.1560,-11.2,0.0085,24.1,1.7,
23,0.1645,-9.4,0.0085,24.1,1.8,
24,0.1730,-7.9,0.0085,24.1,1.5,
25,0.1815,-6.2,0.0085,24.1,1.7,
26,0.1900,-3.9,0.0085,24.1,2.3,
27,0.1985,-2.5,0.0085,24.1,1.4,
28,0.2060,-0.8,0.0075,24.1,1.7,
29,0.2145,-0.6,0.0085,24.1,0.2,
30,0.2230,0.4,0.0085,24.1,1.0,
31,0.2315,1.9,0.0085,24.1,1.5,
32,0.2400,3.1,0.0085,24.1,1.2,
33,0.2485,3.7,0.0085,24.1,0.6,
34,0.2560,4.5,0.0075,24.1,0.8,
35,0.2645,5.2,0.0085,24.1,0.7,
36,0.2730,5.8,0.0085,24.1,0.6,
37,0.2815,6.6,0.0085,24.1,0.8,
38,0.2900,7.6,0.0085,24.1,1.0,
39,0.2985,8.7,0.0085,24.1,1.1,
40,0.3060,9.8,0.0075,24.1,1.1,
41,0.3145,10.7,0.0085,24.1,0.9,
42,0.3230,11.6,0.0085,24.1,0.9,
43,0.3315,12.3,0.0085,24.1,0.7,
44,0.3400,13.1,0.0085,24.1,0.8,
45,0.3485,13.9,0.0085,24.1,0.8,
46,0.3570,14.5,0.0085,24.1,0.6,
47,0.3645,15.2,0.0075,24.1,0.7,
48,0.3730,15.9,0.0085,24.1,0.7,
49,0.3815,16.6,0.0085,24.1,0.7,
50,0.3900,17.3,0.0085,24.1,0.7,
51,0.3985,17.9,0.0085,24.1,0.6,
52,0.4070,18.7,0.0085,24.1,0.8,
53,0.4145,19.4,0.0075,24.1,0.7,
54,0.4230,19.9,0.0085,24.1,0.5,
55,0.4315,20.5,0.0085,24.1,0.6,
56,0.4400,21.2,0.0085,24.1,0.7,
57,0.4485,21.8,0.0085,24.1,0.6,
58,0.4570,22.4,0.0085,24.1,0.6,
59,0.4655,23.0,0.0085,24.1,0.6,
60,0.4730,23.5,0.0075,24.1,0.5,
61,0.4815,24.2,0.0085,24.1,0.7,
62,0.4900,24.8,0.0085,24.1,0.6,
63,0.4985,25.4,0.0085,24.1,0.6,
64,0.5070,26.0,0.0085,24.1,0.6,
65,0.5155,26.7,0.0085,24.1,0.7,
66,0.5230,27.3,0.0075,24.0,0.6,
67,0.5315,28.0,0.0085,24.0,0.7,
68,0.5400,28.7,0.0085,24.0,0.7,
69,0.5485,29.2,0.0085,24.1,0.5,
70,0.5570,29.8,0.0085,24.1,0.6,
71,0.5655,30.4,0.0085,24.1,0.6,
72,0.5730,30.9,0.0075,24.1,0.5,
73,0.5815,31.5,0.0085,24.1,0.6,
74,0.5900,32.2,0.0085,24.1,0.7,
75,0.5985,32.8,0.0085,24.1,0.6,
76,0.6070,33.4,0.0085,24.1,0.6,
77,0.6155,34.1,0.0085,24.1,0.7,
78,0.6240,34.6,0.0085,24.1,0.5,
79,0.6315,35.2,0.0075,24.1,0.6,
80,0.6400,35.8,0.0085,24.1,0.6,
81,0.6485,36.3,0.0085,24.1,0.5,
82,0.6570,36.9,0.0085,24.1,0.6,
83,0.6655,37.5,0.0085,24.1,0.6,
84,0.6740,38.2,0.0085,24.1,0.7,
85,0.6815,38.8,0.0075,24.0,0.6,
86,0.6900,39.5,0.0085,24.1,0.7,
87,0.6985,40.1,0.0085,24.1,0.6,
88,0.7070,40.7,0.0085,24.0,0.6,
89,0.7155,41.4,0.0085,24.0,0.7,
90,0.7240,42.0,0.0085,24.1,0.6,
91,0.7315,42.6,0.0075,24.1,0.6,
92,0.7400,43.3,0.0085,24.1,0.7,
93,0.7485,44.0,0.0085,24.1,0.7,
94,0.7570,44.6,0.0085,24.1,0.6,
95,0.7655,45.2,0.0085,24.1,0.6,
96,0.7740,46.0,0.0085,24.1,0.8,
97,0.7815,46.5,0.0075,24.1,0.5,
98,0.7900,47.1,0.0085,24.0,0.6,
99,0.7985,47.9,0.0085,24.0,0.8,
100,0.8070,48.6,0.0085,24.0,0.7,
101,0.8155,49.3,0.0085,24.0,0.7,
102,0.8240,50.1,0.0085,24.0,0.8,
103,0.8325,50.7,0.0085,24.1,0.6,
104,0.8400,51.4,0.0075,24.1,0.7,
105,0.8485,52.2,0.0085,24.1,0.8,
106,0.8570,52.9,0.0085,24.1,0.7,
107,0.8655,53.7,0.0085,24.0,0.8,
108,0.8740,54.5,0.0085,24.0,0.8,
109,0.8825,55.4,0.0085,24.1,0.9,
110,0.8900,55.9,0.0075,24.1,0.5,
111,0.8985,56.6,0.0085,24.1,0.7,
112,0.9070,57.5,0.0085,24.0,0.9,
113,0.9155,58.1,0.0085,24.0,0.6,
114,0.9240,58.9,0.0085,24.0,0.8,
115,0.9325,59.8,0.0085,24.1,0.9,
116,0.9400,60.6,0.0075,24.0,0.8,
117,0.9485,61.5,0.0085,24.0,0.9,
118,0.9570,62.4,0.0085,24.0,0.9,
119,0.9655,63.3,0.0085,24.0,0.9,
120,0.9740,64.1,0.0085,24.1,0.8,
121,0.9825,65.2,0.0085,24.0,1.1,
122,0.9900,66.0,0.0075,24.0,0.8,
123,0.9985,66.9,0.0085,24.1,0.9,
124,1.0070,67.8,0.0085,24.0,0.9,
125,1.0155,68.7,0.0085,24.1,0.9,
126,1.0240,69.6,0.0085,24.0,0.9,
127,1.0325,70.7,0.0085,24.0,1.1,
128,1.0410,71.7,0.0085,24.0,1.0,
129,1.0485,72.7,0.0075,24.0,1.0,
130,1.0570,73.8,0.0085,24.0,1.1,
131,1.0655,74.8,0.0085,24.0,1.0,
132,1.0740,76.1,0.0085,24.0,1.3,
133,1.0825,77.3,0.0085,24.0,1.2,
134,1.0910,78.3,0.0085,24.0,1.0,
135,1.0985,79.5,0.0075,24.0,1.2,
136,1.1070,81.0,0.0085,24.0,1.5,
137,1.1155,82.3,0.0085,24.0,1.3,
138,1.1240,83.7,0.0085,24.0,1.4,
139,1.1325,85.4,0.0085,24.0,1.7,
140,1.1410,87.0,0.0085,24.0,1.6,
141,1.1485,88.6,0.0075,24.0,1.6,
142,1.1570,90.3,0.0085,24.0,1.7,
143,1.1655,91.9,0.0085,24.0,1.6,
144,1.1740,93.7,0.0085,24.0,1.8,
145,1.1825,95.6,0.0085,24.0,1.9,
146,1.1910,98.1,0.0085,24.0,2.5,
147,1.1995,100.2,0.0085,24.0,2.1,
148,1.2070,101.9,0.0075,24.0,1.7,
149,1.2155,104.3,0.0085,24.0,2.4,
150,1.2240,106.8,0.0085,24.0,2.5,
151,1.2325,109.4,0.0085,24.0,2.6,
152,1.2410,112.4,0.0085,24.0,3.0,
153,1.2495,115.4,0.0085,24.0,3.0,
154,1.2580,118.5,0.0085,24.0,3.1,
155,1.2655,121.9,0.0075,24.0,3.4,
156,1.2740,125.4,0.0085,24.0,3.5,
157,1.2825,129.0,0.0085,24.0,3.6,
158,1.2910,132.7,0.0085,24.0,3.7,
159,1.2995,136.6,0.0085,24.0,3.9,
160,1.3080,140.5,0.0085,24.0,3.9,
161,1.3155,143.6,0.0075,24.0,3.1,
162,1.3240,147.3,0.0085,24.0,3.7,
163,1.3325,150.4,0.0085,24.0,3.1,
164,1.3410,153.6,0.0085,24.0,3.2,
165,1.3495,156.7,0.0085,24.0,3.1,
166,1.3580,159.4,0.0085,24.0,2.7,
167,1.3655,162.0,0.0075,24.0,2.6,
168,1.3740,164.5,0.0085,24.0,2.5,
169,1.3825,167.1,0.0085,24.0,2.6,
170,1.3910,169.3,0.0085,24.0,2.2,
171,1.3995,171.5,0.0085,24.0,2.2,
172,1.4080,173.4,0.0085,24.0,1.9,
173,1.4165,175.2,0.0085,24.0,1.8,
174,1.4240,177.0,0.0075,24.0,1.8,
175,1.4325,178.7,0.0085,24.0,1.7,
176,1.4410,180.5,0.0085,24.0,1.8,
177,1.4495,181.9,0.0085,24.0,1.4,
178,1.4580,183.5,0.0085,24.0,1.6,
179,1.4665,184.8,0.0085,24.0,1.3,
180,1.4700,185.1,0.0035,24.0,0.3,
420,1.4700,192.5,0.0000,24.0,7.4,
421,1.4705,192.5,0.0005,24.0,0.0,
422,1.4725,192.5,0.0020,24.0,0.0,
423,1.4750,192.6,0.0025,24.0,0.1,
424,1.4795,192.8,0.0045,24.0,0.2,
425,1.4860,193.2,0.0065,24.0,0.4,
426,1.4935,193.8,0.0075,24.0,0.6,
427,1.5020,194.7,0.0085,24.0,0.9,
428,1.5105,195.6,0.0085,24.0,0.9,
429,1.5190,196.3,0.0085,24.0,0.7,
430,1.5275,197.1,0.0085,24.0,0.8,
431,1.5360,197.9,0.0085,24.0,0.8,
432,1.5435,198.7,0.0075,24.0,0.8,
433,1.5520,199.4,0.0085,24.0,0.7,
434,1.5605,200.2,0.0085,23.9,0.8,
435,1.5690,201.0,0.0085,24.0,0.8,
436,1.5775,201.6,0.0085,24.0,0.6,
437,1.5860,202.3,0.0085,24.0,0.7,
438,1.5940,203.0,0.0080,24.0,0.7,
439,1.6020,203.6,0.0080,24.0,0.6,
440,1.6105,204.2,0.0085,23.9,0.6,
441,1.6190,204.8,0.0085,24.0,0.6,
442,1.6275,205.4,0.0085,24.0,0.6,
443,1.6360,206.1,0.0085,23.9,0.7,
444,1.6445,206.5,0.0085,24.0,0.4,
445,1.6525,207.1,0.0080,24.0,0.6,
446,1.6605,207.7,0.0080,24.0,0.6,
447,1.6690,208.2,0.0085,24.0,0.5,
448,1.6775,208.8,0.0085,24.0,0.6,
449,1.6860,209.4,0.0085,24.0,0.6,
450,1.6945,209.9,0.0085,24.0,0.5,
451,1.7025,210.3,0.0080,23.9,0.4,
452,1.7110,210.9,0.0085,23.9,0.6,
453,1.7190,211.4,0.0080,24.0,0.5,
454,1.7275,211.7,0.0085,24.0,0.3,
455,1.7360,212.2,0.0085,24.0,0.5,
456,1.7445,212.7,0.0085,23.9,0.5,
457,1.7525,213.1,0.0080,24.0,0.4,
458,1.7610,213.6,0.0085,24.0,0.5,
459,1.7690,214.0,0.0080,23.9,0.4,
460,1.7775,214.5,0.0085,23.9,0.5,
461,1.7860,214.9,0.0085,24.0,0.4,
462,1.7945,215.4,0.0085,23.9,0.5,
463,1.8030,215.6,0.0085,24.0,0.2,
464,1.8110,216.0,0.0080,24.0,0.4,
465,1.8190,216.4,0.0080,23.9,0.4,
466,1.8275,216.8,0.0085,23.9,0.4,
467,1.8360,217.1,0.0085,24.0,0.3,
468,1.8445,217.6,0.0085,24.0,0.5,
469,1.8530,218.0,0.0085,24.0,0.4,
470,1.8605,218.4,0.0075,24.0,0.4,
471,1.8690,218.8,0.0085,23.9,0.4,
472,1.8775,219.1,0.0085,24.0,0.3,
473,1.8860,219.5,0.0085,23.9,0.4,
474,1.8945,219.7,0.0085,24.0,0.2,
475,1.9030,220.1,0.0085,24.0,0.4,
476,1.9110,220.4,0.0080,23.9,0.3,
477,1.9190,220.8,0.0080,23.9,0.4,
478,1.9275,221.1,0.0085,24.0,0.3,
479,1.9360,221.5,0.0085,24.0,0.4,
480,1.9445,221.9,0.0085,24.0,0.4,
481,1.9530,222.2,0.0085,23.9,0.3,
482,1.9615,222.4,0.0085,23.9,0.2,
483,1.9690,222.7,0.0075,23.9,0.3,
484,1.9775,223.0,0.0085,23.9,0.3,
485,1.9860,223.3,0.0085,23.9,0.3,
486,1.9945,223.7,0.0085,23.9,0.4,
487,2.0030,224.0,0.0085,24.0,0.3,
488,2.0115,224.3,0.0085,24.0,0.3,
489,2.0190,224.6,0.0075,24.0,0.3,
490,2.0275,224.8,0.0085,23.9,0.2,
491,2.0360,225.2,0.0085,23.9,0.4,
492,2.0445,225.4,0.0085,23.9,0.2,
493,2.0530,225.6,0.0085,24.0,0.2,
494,2.0615,225.9,0.0085,24.0,0.3,
495,2.0695,226.1,0.0080,23.9,0.2,
496,2.0775,226.5,0.0080,24.0,0.4,
497,2.0860,226.9,0.0085,24.0,0.4,
498,2.0945,227.0,0.0085,23.9,0.1,
499,2.1030,227.3,0.0085,23.9,0.3,
500,2.1115,227.6,0.0085,23.9,0.3,
501,2.1200,227.8,0.0085,23.9,0.2,
502,2.1280,228.1,0.0080,23.9,0.3,
503,2.1360,228.2,0.0080,23.9,0.1,
504,2.1445,228.5,0.0085,23.9,0.3,
505,2.1530,228.7,0.0085,23.9,0.2,
506,2.1615,229.1,0.0085,24.0,0.4,
507,2.1700,229.3,0.0085,24.0,0.2,
508,2.1780,229.5,0.0080,23.9,0.2,
509,2.1865,229.7,0.0085,24.0,0.2,
510,2.1945,230.0,0.0080,23.9,0.3,
511,2.2030,230.2,0.0085,23.9,0.2,
512,2.2115,230.6,0.0085,23.9,0.4,
513,2.2200,230.7,0.0085,23.9,0.1,
514,2.2280,230.9,0.0080,23.9,0.2,
515,2.2365,231.0,0.0085,23.9,0.1,
516,2.2450,231.3,0.0085,23.9,0.3,
517,2.2530,231.5,0.0080,23.9,0.2,
518,2.2615,231.8,0.0085,23.9,0.3,
519,2.2700,232.0,0.0085,23.9,0.2,
520,2.2780,232.3,0.0080,23.9,0.3,
521,2.2865,232.5,0.0085,24.0,0.2,
522,2.2950,232.7,0.0085,23.9,0.2,
523,2.3035,232.9,0.0085,23.9,0.2,
524,2.3115,233.1,0.0080,23.9,0.2,
525,2.3200,233.2,0.0085,23.9,0.1,
526,2.3285,233.4,0.0085,23.9,0.2,
527,2.3365,233.6,0.0080,23.9,0.2,
528,2.3445,233.8,0.0080,23.9,0.2,
529,2.3530,234.0,0.0085,24.0,0.2,
530,2.3615,234.2,0.0085,23.9,0.2,
531,2.3685,234.4,0.0070,23.9,0.2,
532,2.3710,234.5,0.0025,23.9,0.1,
533,2.3720,234.6,0.0010,23.9,0.1,
534,2.3730,234.6,0.0010,23.9,0.0,
535,2.3745,234.7,0.0015,23.9,0.1,
536,2.3770,234.6,0.0025,23.9,-0.1,
537,2.3795,234.7,0.0025,23.9,0.1,
538,2.3820,234.8,0.0025,23.9,0.1,
539,2.3855,234.9,0.0035,23.9,0.1,
540,2.3880,235.0,0.0025,23.9,0.1,
,2.3880,235.0,,,,EP
541,2.3905,235.0,0.0025,23.9,0.0,
 ,,,,,,
7/29/2018 4:49:21 PM,,SystemInternal,,,1/1,
